engine,rank,idx
Yandex,1,0
DuckDuckGo,1,0
Bing,1,1
DuckDuckGo,2,1
Yahoo,3,1
Google,4,1
Baidu,1,2
DuckDuckGo,2,2
,,3
DuckDuckGo,1,4
Bing,2,4
Yandex,3,4
Searx,1,5
Bing,2,5
Yahoo,3,5
Yandex,3,5
DuckDuckGo,1,6
Yandex,1,6
Searx,1,6
DuckDuckGo,1,7
Yandex,2,7
Startpage/Ixquick,1,8
Yandex,2,8
Google,3,8
Bing,1,9
Yandex,2,9
Google,3,9
Google,1,10
Bing,1,10
Yandex,1,10
DuckDuckGo,1,10
Startpage,1,11
Searx.me,1,11
Yandex,1,11
Ixquick,1,11
Yahoo,1,11
Bing,1,11
DuckDuckGo,1,11
Yandex,1,12
Bing,2,12
DuckDuckGo,1,13
Yandex,2,13
StartPage,3,13
startpage,1,14
searx.me,1,14
yandex,1,14
ixquick,1,14
Yahoo,2,14
Bing,2,14
Yandex,1,15
DuckDuckGo,2,15
StartPage,3,15
Startpage,1,16
Searx.me/Findx,1,16
Yandex,1,16
Ixquick,1,16
Yahoo,1,16
Bing,2,16
Google,2,16
yandex,1,17
startpage,2,17
searx.me,2,17
ixquick,2,17
yahoo,2,17
bing,2,17
duckduckgo,3,17
metasearchengine,1,18
Google,2,18
Bing,2,18
Yahoo,2,18
Yandex,2,18
Yandex,1,19
Baidu,1,19
Google,1,20
DuckDuckGo,2,20
Yandex,3,20
Bing,3,20
Yandex,1,21
DuckDuckGo,1,21
Google,1,22
Bing,2,22
Yahoo,2,22
Yandex,2,22
searx.me,1,23
yandex,2,23
startpage,2,23
ixquick,2,23
duckduckgo,3,23
bing,4,23
yahoo,4,23
Bing,1,24
Yahoo,1,24
Yandex,1,24
Yandex,1,25
DuckDuckGo,2,25
Bing,3,25
Google,79573,25
Yandex,1,26
Google,2,26
Google,1,27
Yahoo,1,27
Yandex,1,27
Bing,2,27
Yandex,1,28
Bing,1,28
DuckDuckGo,1,28
Bing,1,29
Yandex,2,29
Yahoo,3,29
Google,4,29
DuckDuckGo,4,29
DuckDuckGo,1,30
Yahoo,2,30
Bing,2,30
Yandex,2,30
Google,1,31
Bing,2,31
Yandex,3,31
Baidu,1,32
Yandex,2,32
Google,3,32
Yandex,1,33
Qwant,2,33
TinEye,1,34
Yandex,1,34
Google,2,34
Google,1,35
Yandex,2,35
Baidu,2,35
Yandex,1,36
Qwant,1,36
Startpage,2,36
Ixquick,2,36
Google,3,36
Bing,1,37
Yahoo,1,37
Yandex,1,37
Yandex,1,38
DuckDuckGo,2,38
Google,1,39
Yandex,1,39
Bing,1,39
Yandex,1,40
Google,2,40
Bing,2,40
Yahoo,2,40
Yandex,1,41
Startpage,2,41
DuckDuckGo,2,41
Yandex,1,42
Yahoo,1,42
Bing,1,42
Wikipedia,1,42
DuckDuckGo,2,42
yandex,1,43
bing,2,43
google,3,43
yahoo,4,43
aol,4,43
baidu,5,43
duckduckgo,6,43
Yandex,1,44
Bing,1,44
Yandex,1,45
Bing,2,45
Google,2,45
Bing,1,46
DuckDuckGo,1,46
Yandex,1,46
DuckDuckGo,1,47
Yandex,1,47
Google,2,47
Bing,1,48
Yandex,1,48
Yahoo,1,49
Bing,1,49
Yandex,1,49
Bing,1,50
DuckDuckGo,1,50
Qwant,1,50
Yandex,1,50
DuckDuckGo,1,51
Yandex,1,51
Yandex,1,52
Google,2,52
Baidu,1,53
Youku,1,53
Bing,2,53
Yandex,2,53
Yandex,1,54
Google,2,54
Amazon,2,54
Yahoo,2,54
Bing,1,55
Yandex,1,55
DuckDuckGo,1,55
Startpage,1,56
DuckDuckGo,2,56
Yandex,3,56
Yandex,1,57
Bing,2,57
Google,2,57
Yahoo,1,58
Yandex,1,58
Bing,1,58
Startpage,2,58
Google,1,59
Bing,2,59
Yandex,3,59
DuckDuckGo,1,60
Yandex,1,60
Bing,1,60
Ask.com,1,60
Startpage,1,61
Searx,2,61
Google,2,61
Bing,2,61
Yandex,2,61
Yandex,1,62
Baidu,1,62
Bing,1,62
Sogou,1,62
Baidu,1,63
Yandex,1,63
Google,1,63
Yandex,1,64
Google,2,64
Yandex,1,65
Bing,2,65
Google,3,65
DuckDuckGo,1,66
Yandex,1,66
Google,1,67
Bing,1,67
Yandex,1,67
Yandex,1,68
Bing,2,68
Bing,1,69
Baidu,2,69
Yandex,3,69
Yandex,1,70
Baidu,1,70
Google,2,70
DuckDuckGo,3,70
Google,1,71
Bing,2,71
Yahoo,2,71
Yandex,2,71
Baidu,2,71
DuckDuckGo,2,71
,,72
Bing,1,73
Yandex,1,73
Google,2,73
Yandex,1,74
Bing,2,74
Yandex,1,75
Bing,2,75
DuckDuckGo,3,75
Google,4,75
Bing,1,76
Yandex,1,76
Baidu,1,76
Google,1,77
Yandex,2,77
DuckDuckGo,3,77
Yandex,1,78
Startpage,2,78
Ixquick,2,78
DuckDuckGo,3,78
Google,3,78
Startpage,1,79
Yandex,2,79
DuckDuckGo,1,80
Yandex,1,80
DuckDuckGo,1,81
Yandex,1,81
Yandex,1,82
Google,2,82
Yahoo,1,83
Yandex,1,83
Bing,1,83
Wikipedia,1,83
Yandex,1,84
Yahoo,1,84
Bing,2,84
DuckDuckGo,1,85
Bing,1,85
Yandex,1,85
Baidu,1,85
Bing,1,86
DuckDuckGo,2,86
Yahoo,3,86
Yandex,1,87
DuckDuckGo,1,87
Google,3,87
Bing,1,88
DuckDuckGo,1,88
Yandex,1,88
Qwant,1,89
Yandex,1,89
Bing,1,89
DuckDuckGo,1,89
Google,1,90
Yandex,2,90
Google,1,91
Bing,2,91
Yandex,2,91
,,92
Yandex,1,93
Google,1,93
Yandex,1,94
Ecosia,1,95
Searx,1,95
Yandex,1,95
GoogleProxy,1,95
Google,1,96
Bing,2,96
Yahoo,2,96
Yandex,3,96
DuckDuckGo,4,96
Bing,1,97
Yandex,1,97
Google,2,97
Google,1,98
Bing,1,98
DuckDuckGo,1,98
Yandex,1,98
Yandex,1,99
Searx,2,99
Qwant,3,99
Yandex,1,100
Startpage,2,100
DuckDuckGo,2,100
Yandex,1,101
Google,2,101
Dogpile,1,102
Google,2,102
Yahoo,2,102
Yandex,2,102
DuckDuckGo,1,103
Yandex,2,103
ProtonMail,3,103
,,104
,,105
,,106
Google,1,107
Microsoft,2,107
Yahoo,2,107
Amazon,2,107
DuckDuckGo,1,108
Google,2,108
Yahoo,3,108
AltaVista,3,108
Google,1,109
DuckDuckGo,2,109
Yahoo,3,109
Bing,1,110
Yahoo,2,110
Google,3,110
Qwant,1,111
Brave,1,111
DuckDuckGo,2,111
Yahoo,3,111
,,112
Baidu,1,113
Google,2,113
Yahoo,2,113
Bing,2,113
,,114
,,115
Baidu,1,116
Sogou,1,116
360kan,2,116
Baidu,1,117
Sogou,1,117
360kan,1,117
Baidu,1,118
Sogou,1,118
360kan,1,118
discretesearch,1,119
yandex,1,119
baidu,1,119
sogou,1,119
haosou,1,119
dogpile,2,119
startpage,2,119
onesearch,2,119
excite,2,119
info,2,119
ecosia,2,119
Sogou,1,120
Qwant,1,120
Startpage,1,120
Bing,2,120
Startpage,1,121
Sogou,1,121
Searx,1,121
Yahoo,1,121
So.com,1,121
Yandex,1,121
Qwant,1,121
startpage.com,1,122
sogou.com,1,122
searx.space,1,122
yahoo.com,1,122
so.com,1,122
yandex.com,1,122
qwant.com,1,122
Yandex,1,123
Baidu,1,123
Sogou,1,123
Yandex,1,124
Baidu,1,124
Sogou,1,124
Google,1,125
Bing,1,125
Yandex,1,125
Baidu,1,125
Sogou,1,125
TinEye,1,125
KarmaDecay,1,125
Trace.moe,1,125
SauceNao,1,125
iqdb,1,125
ascii2d,1,125
GettyImages,1,125
iStock,1,125
Shutterstock,1,125
Depositphotos,1,125
Pinterest,1,125
360Search,1,125
Jingdong,1,125
Taobao,1,125
AlibabaChina,1,125
Mail.ru,1,125
Dreamstime,1,125
Alamy,1,125
123RF,1,125
eSearchPlus,1,125
TMView,1,125
GlobalBrandDatabase,1,125
MadridMonitor,1,125
AustralianTradeMarkSearch,1,125
AustralianDesignSearch,1,125
IPONZTradeMarkCheck,1,125
GraphicImagePark,1,125
Pimeyes,1,125
StocksyUnited,1,125
Pond5,1,125
Pixta,1,125
Ikea,1,125
RedditRepostSleuth,1,125
Unsplash,1,125
Shein,1,125
Lykdat,1,125
Wildberries,1,125
GoogleLens,1,125
Lexica,1,125
Google,1,126
Bing,1,126
Yandex,1,126
Baidu,1,126
Sogou,1,126
Tineye,1,126
Shutterstock,1,126
Alamy,1,126
Idqb,1,126
Trace.moe,1,126
searx,1,127
startpage,1,127
ddg,1,128
qwant,1,128
startpage,1,128
searx,1,128
searx.me,1,129
bing,2,129
google,3,129
Searx,1,130
DuckDuckGo,1,130
FindX,1,130
Startpage,1,130
Searx,1,131
DuckDuckGo,1,131
FindX,1,131
Startpage,1,131
Searx,1,132
Google,2,132
Yahoo,2,132
Bing,2,132
DuckDuckGo,2,132
Yahoo,1,133
Searx,2,133
Startpage,2,133
searx,1,134
startpage,1,134
ddg,2,134
google,2,134
DuckDuckGo,1,135
Searx,1,135
Qwant,1,135
Scout,2,135
OpenStreetMap,2,135
TomTom,2,135
Startpage,1,136
Searx,1,136
Startpage,1,137
Searx,1,137
searx,1,138
startpage,2,138
qwant,2,138
,,139
,,140
Startpage,1,141
Searx,1,141
startpage,1,142
searx,1,142
searx.me,1,143
startpage,2,143
Startpage,1,144
Searx,1,144
Google,3,144
Startpage,1,145
Searx,1,145
searx,1,146
startpage,1,146
Searx,1,147
DuckDuckGo,2,147
Google,3,147
Searx,1,148
Startpage,2,148
DuckDuckGo,2,148
Google,1,149
Startpage,2,149
Qwant,2,149
DuckDuckGo,2,149
Ixquick,2,149
Searx,2,149
searx,1,150
bing,2,150
duckduckgo,2,150
Google,1,151
Qwant,1,151
Searx.me,1,151
DuckDuckGo,1,151
Yahoo,1,151
searx,1,152
google,2,152
duckduckgo,2,152
startpage,2,152
searx.me,1,153
duckduckgo,2,153
startpage,2,153
,,154
startpage,1,155
qwant,1,155
searx,1,155
searx.me,1,156
DuckDuckGo,2,156
Startpage,1,157
Qwant,2,157
Searx,3,157
searx.me,1,158
searx.me,1,159
duckduckgo,2,159
Qwant,1,160
Searx,1,160
Startpage,1,160
searx,1,161
startpage,1,161
google,1,161
Bing,1,162
DuckDuckGo,2,162
Searx,3,162
Google,4,162
Explorer,5,162
MSM,6,162
MSN,7,162
AOL,8,162
searx.me,1,163
qwant,1,163
qwantlite,1,163
searx,1,164
startpage,1,164
Startpage,1,165
Searx,1,165
Google,2,165
DuckDuckGo,1,166
Startpage,1,166
Searx,1,166
Google,1,167
Searx,2,167
DuckDuckGo,3,167
Searx,1,168
Qwant,1,168
startpage,1,169
searx.me,1,169
duckduckgo,2,169
Bing,1,170
Bing,1,171
DuckDuckGo,2,171
Startpage,3,171
Google,4,171
Searx,5,171
Qwant,1,172
Startpage,1,172
Searx,1,172
Bing,4,172
Google,4,172
DuckDuckGo,4,172
Startpage,1,173
Searx,1,173
Searx,1,174
DuckDuckGo,2,174
Bing,1,175
Searx,1,175
DuckDuckGo,2,175
Google,3,175
Startpage,1,176
Searx,1,176
Bing,2,176
Bing,1,177
Startpage,2,177
Google,2,177
Searx,3,177
DuckDuckGo,4,177
Searx,1,178
Startpage,2,178
DuckDuckGo,1,179
Startpage,1,179
Searx,1,179
lite.qwant.com,1,180
searx.me,1,180
icecat,2,180
ungoogled-chromium,2,180
firefox,3,180
searx,1,181
startpage,2,181
searx,1,182
startpage,2,182
Searx,1,183
Startpage,2,183
Qwant,1,184
Startpage,1,184
Searx.me,1,184
Qwant,1,185
Startpage,1,185
Searx.me,1,185
Google,1,186
Searx.me,2,186
DuckDuckGo,2,186
searx,1,187
startpage,1,187
minds,1,187
ungoogledchromium,2,187
Searx,1,188
Minds,1,188
Startpage,1,188
DuckDuckGo,2,188
Google,2,188
Searx,1,189
StartPage,2,189
Firefox,3,189
Startpage,1,190
Searx,2,190
Ixquick,1,190
searx.me,1,191
duckduckgo,2,191
google,2,191
Searx,1,192
Startpage,2,192
Startpage,1,193
Searx,2,193
DuckDuckGo,3,193
Startpage,1,194
Searx,2,194
Searx,1,195
Bing,2,195
Google,3,195
Startpage,1,196
Searx,1,196
Google,3,196
Google,1,197
DuckDuckGo,2,197
Startpage,2,197
Searx,2,197
DuckDuckGo,1,198
Searx,2,198
Yandex,2,198
Bing,3,198
Bing,1,199
searx.me,2,199
Searx,1,200
Startpage,2,200
Bing,3,200
Qwant,3,200
DuckDuckGo,3,200
Startpage,1,201
Searx,2,201
DuckDuckGo,1,202
Searx.me,1,202
Bing,2,202
Yandex,2,202
Qwant,2,202
Bing,1,203
DuckDuckGo,2,203
Yahoo,3,203
Qwant,4,203
Swisscows,5,203
SearchEncrypt,6,203
Startpage,7,203
Searx,8,203
DuckDuckGo,1,204
Startpage,2,204
Google,3,204
startpage,1,205
searx.me,1,205
Google,1,206
Startpage,2,206
DuckDuckGo,2,206
Searx,2,206
Library,2,206
Yandex,1,207
searx,1,207
Bing,2,207
Yippy,3,207
searx,1,208
swisscows,1,208
duckduckgo,1,208
startpage,1,208
Google,1,209
Yahoo,2,209
Searx.me,3,209
Startpage,1,210
Searx,2,210
startpage,1,211
swisscows.ch,2,211
searx,3,211
Startpage,1,212
Searx,1,213
Startpage,1,213
Riseup,2,213
Disroot,2,213
Autistici,2,213
Invidious,3,213
Newpipe,3,213
Bitchute,4,213
Peertube,4,213
Startpage,1,214
Searx,1,214
Yandex,2,214
ProtonMail,2,214
StartMail,2,214
saarx,1,215
Google,2,215
Bing,2,215
Yandex,1,216
DuckDuckGo,2,216
Searx,2,216
Qwant,1,217
Startpage,2,217
Searx,2,217
Searx,1,218
Yandex,2,218
Google,2,218
DuckDuckGo,2,218
searx.me,1,219
startpage,2,219
yandex,3,219
ddg,4,219
Startpage,1,220
Searx,1,220
Google,1,221
Bing,1,221
DuckDuckGo,1,221
Searx,1,221
Google,1,222
Bing,1,222
DuckDuckGo,1,222
Searx,1,222
Yandex,1,222
DuckDuckGo,1,223
Yandex,2,223
Searx,3,223
Bing,4,223
Bing,1,224
Yandex,1,224
DuckDuckGo,3,224
Qwant,4,224
Searx,4,224
searx,1,225
qwant,2,225
startpage,2,225
Google,1,226
Startpage,2,226
Searx,2,226
Yandex,1,227
Yahoo,1,227
Searx,2,227
searx,1,228
duckduckgo,2,228
startpage,2,228
ixquick,2,228
searx,1,229
yandex,2,229
ecosia,3,229
Bing,1,230
Startpage,2,230
Searx,3,230
Lycos,4,230
Yippy,5,230
Yandex,6,230
searx,1,231
Bing,2,231
Google,2,231
Reddit,2,231
Wikipedia,2,231
Yahoo,2,231
Yandex,2,231
Qwant,1,232
Yandex,1,232
Searx,1,232
Qwant,1,233
Yandex,1,233
Picsearch,1,233
Searx,1,233
swisscows.com,1,234
qwant.com,1,234
duckduckgo.com,1,234
searx.info,2,234
yandex.com,2,234
startpage.com,3,234
bing.com,3,234
yahoo.com,3,234
ecosia.org,3,234
100searchengines.com,3,234
Searx,1,235
DuckDuckGo,1,236
Startpage,2,236
Ecosia,3,236
Yahoo,4,236
Bing,5,236
Google,6,236
Searx,7,236
Qwant,1,237
Ecosia,1,237
Yandex,1,237
Searx,1,237
Searx,1,238
Google,2,238
Bing,2,238
DuckDuckGo,2,238
searx,1,239
yandex,1,239
naver,1,239
yahoojapan,1,239
swisscows,1,239
metager,1,239
Startpage,1,240
Searx,1,240
Google,2,240
DuckDuckGo,2,240
Bing,2,240
Startpage,1,241
Ixquick,1,241
Searx,2,241
Yandex,1,242
DuckDuckGo,2,242
Searx,3,242
Qwant,1,243
DuckDuckGo,1,243
Yippy,2,243
Searx,2,243
Google,3,243
Bing,3,243
Searx,1,244
DuckDuckGo,2,244
Startpage,3,244
Startpage,1,245
Searx,1,245
Google,2,245
searx,1,246
duckduckgo,2,246
DuckDuckGo,1,247
Ecosia,2,247
Qwant,2,247
Yandex,2,247
Searx,2,247
Google,3,247
YahooJapan,1,248
Searx,2,248
Metager,2,248
searx,1,249
DuckDuckGo,2,249
Brave,3,249
Google,1,250
Bing,1,250
Searx,1,251
Google,2,251
Bing,2,251
Ecosia,1,252
Searx,2,252
DuckDuckGo,1,253
Bing,2,253
Yahoo,3,253
Searx,4,253
Private.sh,5,253
Ecosia,6,253
AlohaFind,7,253
Gopher,8,253
Startpage,9,253
Qwant,10,253
Mojeek,11,253
Yandex,12,253
Gigablast,13,253
searx.me,1,254
qwant,2,254
palemoon,1,255
ungoogledchromium,1,255
searx,2,255
startpage,2,255
disconnect,2,255
Searx,1,256
Ixquick,2,256
Startpage,3,256
Startpage,1,257
Google,2,257
Yandex,1,258
Qwant,1,258
Startpage,1,258
Searx,1,258
Yippy,1,258
Startpage,1,259
Qwant,2,259
Searx,3,259
Searx,1,260
DuckDuckGo,2,260
Google,3,260
searx,1,261
bing,2,261
duckduckgo,3,261
DuckDuckGo,1,262
Qwant,2,262
Ecosia,2,262
Metager,2,262
Peekier,2,262
Yacy,2,262
Searx,3,262
Mojeek,1,263
Searx,1,263
Fuckfuckyou,2,263
searx,1,264
duckduckgo,2,264
duckduckgo,1,265
qwant,1,265
searx,1,265
startpage,1,265
yandex,1,265
DuckDuckGo,1,266
Searx,2,266
Startpage,1,267
Qwant,1,267
Qwant,1,268
Searx,1,268
DuckDuckGo,1,269
Searx,2,269
startpage,1,270
searx,1,270
yandex,1,270
qwant,1,270
ecosia,1,270
duckduckgo,1,270
google,2,270
Peekier,1,271
Searx.me,1,271
Qwant,1,271
Searx,1,272
DuckDuckGo,2,272
Startpage,2,272
Google,3,272
Bing,3,272
Yandex,1,273
Metager,1,273
YahooJapan,1,273
Searx,1,273
DuckDuckGo,1,274
Searx,1,274
Yandex,1,275
Searx,2,275
Google,3,275
Yandex,1,276
Searx,1,276
Palemoon,2,276
UngoogledChromium,3,276
Firefox,4,276
wiby,1,277
yahoojapan,1,277
searx,1,277
metager,1,277
searx,1,278
startpage,2,278
swisscows,2,278
Millionshort,1,279
Boardreader,1,279
Wiby,1,279
Archive.org,1,279
Yandex,1,279
Searx,1,279
DuckDuckGo,1,279
searx,1,280
startpage,1,280
palemoon,2,280
Yandex,1,281
YahooJapan,2,281
Searx,3,281
DuckDuckGo,1,282
Searx,1,282
Yandex,1,282
Google,1,283
Bing,1,283
DDG,1,283
Searx,1,283
qwant,1,284
searx,1,284
startpage,1,284
duckduckgo,1,284
Google,1,285
Yandex,2,285
ddg,3,285
searx,3,285
startpage,3,285
Yandex,1,286
searx,2,286
Ecosia,3,286
DuckDuckGo,3,286
DuckDuckGo,1,287
Startpage,1,287
Searx,1,287
Bing,1,287
startpage,1,288
duckduckgo,1,288
searx,1,288
Searx,1,289
Yandex,1,289
DuckDuckGo,1,289
Bing,1,289
Swisscows,1,290
Qwant,2,290
Yippy,3,290
Searx,4,290
Bibliogram,5,290
Nitter,6,290
Invidious,7,290
Startpage,1,291
Ixquick,1,291
Searx,2,291
Google,1,292
Yandex,2,292
Startpage,2,292
Searx,2,292
startpage,1,293
searx,2,293
metager,3,293
ddg,4,293
yandex,5,293
DuckDuckGo,1,294
Gibiru,1,294
Searx,1,294
Swisscows,1,294
DuckDuckGo,1,295
Gibiru,1,295
Searx,1,295
Swisscows,1,295
Searx,1,296
Google,2,296
DuckDuckGo,2,296
DuckDuckGo,1,297
Searx,1,297
Gibiru,1,297
Swisscows,1,297
DuckDuckGo,1,298
Searx,1,298
SwissCows,1,298
Gibiru,1,298
Searx,1,299
DuckDuckGo,1,299
Searx,1,300
Yacy,1,300
LBRY,1,300
PeerTube,1,300
ProtonMail,1,300
Tutanota,1,300
Pleroma,1,300
Mastodon,1,300
Nextcloud,1,300
Monero,1,300
Bitcoin,1,300
Startpage,1,301
Searx,1,301
Qwant,1,301
DuckDuckGo,2,301
Bing,3,301
Google,1,302
Microsoft,1,302
Mojeek,2,302
Searx,3,302
Searx,1,303
Swisscows,1,303
Mojeek,1,303
DuckDuckGo,1,303
Google,1,303
,,304
Searx,1,305
Yacy,1,305
PeerTube,1,305
LBRY,1,305
ProtonMail,1,305
Tutanota,1,305
Pleroma,1,305
Mastodon,1,305
Nextcloud,1,305
Monero,1,305
Bitcoin,1,305
qwant,1,306
swisscows,1,306
lukol,1,306
yippy,1,306
searx,1,306
searchencrypt,1,306
qwant,1,307
swisscows,2,307
lukol,3,307
yippy,4,307
searx,5,307
searchencrypt,6,307
qwant,1,308
swisscows,1,308
lukol,1,308
yippy,1,308
searx,1,308
searchencrypt,1,308
Swisscows,1,309
Qwant,2,309
Lukol,3,309
Searx,4,309
Yippy,5,309
SearchEncrypt,6,309
Swisscows,1,310
Qwant,2,310
Lukol,3,310
Searx,4,310
Yippy,5,310
SearchEncrypt,6,310
Startpage,1,311
SearchEncrypt,1,311
Swisscows,1,311
Qwant,1,311
Lukol,1,311
Searx,1,311
Yippy,1,311
Startpage,1,312
SearchEncrypt,2,312
Swisscows,3,312
Qwant,4,312
Lukol,5,312
Searx,6,312
Yippy,7,312
Lacy,1,313
Searx,1,313
DuckDuckGo,2,313
Google,3,313
StartPage,1,314
SearchEncrypt,1,314
SearX,1,314
Swisscows,1,314
Qwant,1,314
Lukol,1,314
SearX.info,1,314
Yippy,1,314
Startpage,1,315
SearchEncrypt,1,315
Swisscows,1,315
Qwant,1,315
Lukol,1,315
Searx,1,315
Yippy,1,315
yacy,1,316
searx,1,316
ungoogledchromium,2,316
Startpage,1,317
SearchEncrypt,2,317
Searx,3,317
Swisscows,4,317
,,318
searx,1,319
DuckDuckGo,1,319
Startpage,1,319
Google,1,319
Searx,1,320
DuckDuckGo,2,320
Startpage,3,320
Searx,1,321
DuckDuckGo,2,321
Google,2,321
Bing,2,321
Yandex,2,321
Startpage,2,321
searx,1,322
DuckDuckGo,2,322
Google,3,322
Bing,3,322
Searx,1,323
Yandex,1,323
searx,1,324
yacy,1,324
duckduckgo,2,324
searx,1,325
ecosia,2,325
startpage,2,325
ddg,2,325
Qwant,1,326
Searx,2,326
Startpage,1,327
DuckDuckGo,1,327
Searx,1,327
searx,1,328
duckduckgo,2,328
yacy,3,328
searx,1,329
ecosia,2,329
duckduckgo,3,329
bing,3,329
DuckDuckGo,1,330
Bing,2,330
Ecosia,3,330
GoodGopher,4,330
Google,5,330
Qwant,6,330
Searx,7,330
Startpage,8,330
Swisscows,9,330
WolframAlpha,10,330
Yahoo,11,330
Yandex,12,330
Yacy,1,331
Searx,1,331
DuckDuckGo,2,331
Gigablast,3,331
Mojeek,1,332
searx,1,333
qwant,2,333
duckduckgo,3,333
startpage,4,333
Qwant,1,334
searx.me,2,334
DuckDuckGo,1,335
Torch,2,335
Ahmia,3,335
Quo,4,335
NotEvil,5,335
Deepwebsiteslinks.com,6,335
Gibiru,7,335
Searx,8,335
Startpage,9,335
Candle,10,335
Swisscows,11,335
Tordex,12,335
searx,1,336
qwant,2,336
duckduckgo,3,336
startpage,4,336
Searx,1,337
Yacy,2,337
Google,1,338
Searx,2,338
DuckDuckGo,2,338
Bing,1,339
Yandex,1,339
Searx,1,339
searx,1,340
yacy,1,340
google,2,340
,,341
Searx,1,342
Qwant,2,342
Searx,1,343
Yacy,1,343
DuckDuckGo,1,344
Startpage,1,344
Bing,2,344
Qwant,2,344
Google,2,344
DuckDuckGo,1,345
Searx,2,345
Startpage,3,345
Qwant,1,346
Searx,1,346
Startpage,1,346
DuckDuckGo,1,346
searx,1,347
swisscows,1,347
duckduckgo,2,347
brave,2,347
bitchute,2,347
DuckDuckGo,1,348
Searx,2,348
Yandex,1,349
Searx,2,349
Google,3,349
Yahoo,3,349
DuckDuckGo,1,350
Gibiru,2,350
Searx,3,350
Swisscows,4,350
searx.me,1,351
Yandex,2,351
,,352
searx,1,353
google,2,353
bing,2,353
yandex,2,353
Searx,1,354
Yandex-KGB,1,354
searx,1,355
duckduckgo,2,355
Yandex,1,356
DuckDuckGo,2,356
Startpage,3,356
Dogpile,3,356
DuckDuckGo,1,357
Searx,2,357
Google,1,358
Bing,1,358
DuckDuckGo,1,358
Searx,1,358
Searx,1,359
Ungoogled-Chromium,2,359
Iridium,2,359
Searx,1,360
Mojeek,2,360
Mojeek,1,361
Searx,2,361
Bing,3,361
Yahoo,3,361
Google,3,361
Yandex,1,362
Yahoo,1,362
searx,1,363
yacy,1,363
metager,1,363
DuckDuckGo,1,364
Ecosia,1,364
Bing,2,364
Yandex,2,364
Searx,3,364
searx,1,365
duckduckgo,1,365
yandex,1,365
DuckDuckGo,1,366
Bing,1,366
Searx,1,366
DuckDuckGo,1,367
Startpage,1,367
Searx,1,367
Bing,1,368
DuckDuckGo,2,368
Ecosia,2,368
Quant,2,368
Startpage,3,368
Searx,4,368
Gigablast,5,368
Yandex,1,369
DuckDuckGo,1,369
Searx,1,369
Yacy,1,369
DuckDuckGo,1,370
Bing,1,370
Yandex,1,370
Brave,1,371
DuckDuckGo,1,371
Odysee,1,371
Peertube,2,371
Bitchute,2,371
searx.me,1,372
Google,2,372
Yandex,1,373
Bing,1,373
Searx,1,373
Searx,1,374
searx,1,375
duckduckgo,1,375
yandex,1,375
DuckDuckGo,1,376
Searx,1,376
Mojeek,1,377
Searx,2,377
Gibiru,1,378
SearchEncrypt,1,378
StartPage,1,378
Swisscows,1,378
Gigablast,1,378
Lycos,1,378
Mojeek,1,378
WebCrawler,1,378
MetaGer,1,378
Qwant,1,378
QMamu,1,378
You.com,1,378
Oscobo,1,378
InfinitySearch,1,378
Yep,1,378
Bing,1,379
Google,2,379
Startpage,2,379
DuckDuckGo,2,379
Bing,1,380
DuckDuckGo,2,380
Yandex,3,380
Google,3,380
search.brave.com,1,381
swisscows.com,1,381
qwant.com,1,381
yandex.ru,1,381
startpage.com,1,381
dogpile.com,1,381
freespoke.com,1,381
yacy.net,1,381
wiby.me,1,381
you.com,1,381
stop_using_normie_tier_controlled_walled_garden_search_engines.com,1,381
BraveSearch,1,382
Searxng,1,382
You.com,3,382
bing,1,383
bravesearch,1,383
duckduckgo,1,383
qwant,1,383
startpage,1,383
yahoo,1,383
you.com,1,383
neeva,1,383
aol,1,383
webcrawler,1,383
Yandex,1,384
DuckDuckGo,2,384
you.com,3,384
Google,1,385
DuckDuckGo,2,385
You.com,3,385
Yandex,4,385
Lycos,5,385
Yahoo,5,385
Bing,1,386
Google,2,386
DuckDuckGo,3,386
Bing,1,387
Google,2,387
DuckDuckGo,1,388
Bing,2,388
Google,3,388
Bing,1,389
Google,1,389
DuckDuckGo,1,389
Google,1,390
Bing,1,390
DuckDuckGo,1,390
Qwant,1,391
DuckDuckGo,1,391
Bing,2,391
,,392
DuckDuckGo,1,393
Google,2,393
Bing,2,393
DuckDuckGo,1,394
Bing,1,394
Google,2,394
Bing,1,395
Google,2,395
DuckDuckGo,3,395
Bing,1,396
DuckDuckGo,1,396
Bing,1,397
DuckDuckGo,2,397
Startpage,2,397
,,398
Bing,1,399
Google,2,399
YouTube,2,399
DuckDuckGo,1,400
Bing,2,400
Bing,1,401
DuckDuckGo,1,401
Google,2,401
DuckDuckGo,1,402
Bing,2,402
Google,3,402
,,403
,,404
DuckDuckGo,1,405
Bing,2,405
DuckDuckGo,1,406
Startpage,1,406
Bing,2,406
,,407
Bing,1,408
Google,2,408
Yahoo,3,408
DuckDuckGo,4,408
Bing,1,409
Google,2,409
DuckDuckGo,3,409
Yahoo,3,409
Yahoo,1,410
Bing,1,410
Google,3,410
DuckDuckGo,1,411
Google,2,411
Bing,2,411
Yahoo,2,411
Google,1,412
Yahoo,2,412
Bing,2,412
DuckDuckGo,3,412
Lycos,1,413
AskJeeves,2,413
Yahoo,2,413
Altavista,2,413
AskJeeves,1,414
Dogpile,1,414
Lycos,1,414
Google,1,415
Yahoo,2,415
AskJeeves,3,415
Lycos,4,415
Webcrawler,5,415
Lycos,1,416
Startpage,1,416
Dogpile,1,416
Excite,1,416
,,417
Profusion,1,418
Lycos,2,418
Altavista,2,418
Yahoo,2,418
AOL,2,418
Google,3,418
Lycos,1,419
Yahoo!Answers,1,419
Altavista,1,419
AskJeeves,1,419
Geocities,1,419
Google,1,420
Yahoo,2,420
Lycos,2,420
Yahoo,1,421
AltaVista,1,421
Lycos,1,421
InfoSeek,1,421
AskJeeves,1,421
Excite,1,421
AOL,1,421
Dogpile,1,421
Yandex,1,422
Altavista,2,422
Lycos,2,422
duckduckgo,1,423
yippy,1,423
bing,1,423
google,1,423
yahoo,1,423
metacrawler,1,423
webcrawler,1,423
hotbot,1,423
startpage,1,423
ecosia,1,423
ask,1,423
yandex,1,423
lycos,1,423
baidu,1,423
altavista,1,423
swisscows,1,423
aol,1,423
excite,1,423
blekko,1,423
exalead,1,423
waybackmachine,1,423
metager,1,423
Lycos,1,424
Yahoo,1,424
Hotbot,1,424
Altavista,1,424
AskJeeves,1,424
Yahoo,1,425
Lycos,2,425
WebCrawler,3,425
AltaVista,4,425
Google,1,426
Bing,2,426
DuckDuckGo,3,426
Yandex,4,426
Yahoo,5,426
Yahoo,1,427
WebCrawler,2,427
Lycos,3,427
,,428
Google,1,429
Yahoo,2,429
Lycos,3,429
AltaVista,3,429
Excite,3,429
Bing,1,430
Lycos,2,430
DuckDuckGo,3,430
Google,4,430
Yahoo,1,431
Lycos,1,431
Excite,1,431
Jeeves,1,431
Magellan,1,432
Lycos,1,432
Webcrawler,1,432
Hotbot,1,432
,,433
,,434
Dogpile,1,435
Lycos,2,435
Startpage,3,435
Yippy,4,435
Google,1,436
Yahoo,2,436
Excite,2,436
Lycos,2,436
,,437
Google,1,438
Lycos,2,438
Hotbot,2,438
Google,1,439
Yahoo,1,439
Dogpile,1,439
Lycos,1,439
AskJeeves,1,439
Google,1,440
DuckDuckGo,2,440
Lycos,3,440
Google,1,441
Bing,2,441
DuckDuckGo,3,441
Lycos,4,441
Altavista,1,442
Search,1,442
Lycos,1,442
Ask,1,442
Yacy,1,443
Metager,1,443
DuckDuckGo,2,443
Lycos,3,443
Lycos,1,444
Altavista,1,444
AskJeeves,1,444
Dogpile,1,445
Lycos,1,445
Bing,1,446
Yandex,1,446
Brave,2,446
Startpage,3,446
DuckDuckGo,3,446
Yahoo,3,446
Qwant,3,446
Ecosia,3,446
Swisscows,3,446
Metager,3,446
Etols,3,446
Bing,1,447
Yandex,1,447
DuckDuckGo,2,447
Yahoo,2,447
Qwant,2,447
Ecosia,2,447
Swisscows,2,447
Metager,2,447
Brave,3,447
Lycos,4,447
Google,1,448
Bing,2,448
Yahoo,3,448
Altavista,3,448
Lycos,3,448
Hotbot,3,448
Bing,1,449
Yandex,1,449
DuckDuckGo,2,449
Yahoo,2,449
Qwant,2,449
Ecosia,2,449
Swisscows,2,449
Metager,2,449
Lycos,3,449
Brave,3,449
DuckDuckGo,1,450
Lycos,1,450
Dogpile,1,450
Lycos,1,451
Qwant,1,451
Yahoo,1,452
Infoseek,1,452
Lycos,1,452
Webcrawler,1,452
Lycos,1,453
Webcrawler,2,453
Yahoo,1,454
Google,2,454
Lycos,3,454
AltaVista,4,454
Yandex,1,455
Brave,2,455
Startpage,2,455
Yahoo,2,455
Bing,2,455
Google,2,455
DuckDuckGo,2,455
Ecosia,2,455
Hotbot,2,455
Lycos,2,455
Ask,2,455
Qwant,2,455
Yandex,1,456
AskJeeves,2,456
Yahoo,2,456
Lycos,2,456
Yahoo,1,457
Lycos,2,457
Excite,3,457
Yandex,1,458
Bing,2,458
Google,2,458
Altavista,1,459
Google,2,459
Yahoo,2,459
Lycos,2,459
Lycos,1,460
AltaVista,1,460
Yahoo,1,460
Lycos,1,461
AltaVista,1,461
Yahoo,1,461
askjeeeves.com,1,462
lycos,1,462
webcrawler.com,1,462
startpage,1,462
,,463
Yahoo,1,464
Altavista,2,464
AskJeeves,3,464
Geocities,4,464
Lycos,4,464
Google,1,465
Yahoo,1,465
AskJeeves,1,465
Lycos,1,465
AOL,1,465
Yandex,1,466
Google,2,466
Yahoo,2,466
AskJeeves,2,466
Lycos,2,466
AOL,2,466
Mosaic,1,467
NetscapeNavigator,1,467
Magellan,2,467
AltaVista,2,467
Excite,2,467
Lycos,2,467
InfoSeek,2,467
Yahoo,2,467
Google,1,468
Baidu,1,468
,,469
Baidu,1,470
Google,2,470
Gibiru,1,471
Yandex,2,471
Baidu,3,471
Yandex,1,472
Baidu,1,472
DuckDuckGo,2,472
,,473
Baidu,1,474
Yandex,2,474
Google,3,474
Bing,3,474
Yahoo,3,474
Baidu,1,475
Yandex,2,475
Baidu,1,476
Yandex,1,476
DiscreteSearch,1,476
DuckDuckGo,2,476
Bing,2,476
Yahoo,2,476
Qwant,3,476
Swisscows,3,476
Gibiru,3,476
Yippy,3,476
Naver,1,477
Yandex,1,477
Baidu,1,477
Qwant,1,477
YahooJapan,1,477
Yandex,1,478
Google,2,478
Bing,2,478
Baidu,2,478
Dogpile,2,478
Yahoo,2,478
Gigablast,2,478
Goodsearch,2,478
Duckduckgo,2,478
Blekko,2,478
Entireweb,2,478
Yippy,2,478
Ask,2,478
Swisscows,2,478
Startpage,2,478
Searchencrypt,2,478
Gibiru,2,478
Onesearch,2,478
Wiki.com,2,478
Boardreader,2,478
Internetarchive,2,478
Baidu,1,479
Google,2,479
Bing,3,479
,,480
Yandex,1,481
Baidu,1,481
Yandex,1,482
Baidu,1,482
,,483
Bing,1,484
Yandex,1,484
Bonjour,1,484
Boingo,1,484
Baidu,1,484
,,485
Google,1,486
Bing,2,486
Baidu,3,486
Google,1,487
Bing,2,487
Ask.com,2,487
Altavista,2,487
Yandex,2,487
Baidu,2,487
Yandex,1,488
Baidu,2,488
google,1,489
ask,2,489
bing,3,489
yandex,4,489
startpage,5,489
yahoo,6,489
cuckcuckgo,7,489
spindarse,8,489
baidu,9,489
Baidu,1,490
Yandex,1,490
DuckDuckGo,2,490
Startpage,2,490
Google,1,491
Yandex,2,491
Baidu,3,491
Baidu,1,492
Google,1,492
Alibaba,2,492
Amazon,2,492
,,493
Yandex,1,494
Baidu,1,494
Google,3,494
DuckDuckGo,1,495
Google,2,495
Bing,2,495
Baidu,2,495
Google,1,496
Yandex,2,496
Baidu,3,496
DuckDuckGo,1,497
StartPage,1,497
Baidu,2,497
Bing,1,498
Yahoo.co.jp,2,498
Baidu,3,498
Bing,1,499
Yandex,2,499
Baidu,3,499
Bing,1,500
Baidu,2,500
Yahoo,3,500
DuckDuckGo,1,501
Yandex,2,501
Baidu,2,501
Metager,2,501
Searx,2,501
GoogleTranslate,1,502
Baidu,2,502
Youdao,2,502
Google,1,503
Yandex,2,503
Baidu,3,503
Bing,1,504
Baidu,1,504
Google,2,504
Yandex,1,505
Baidu,1,505
Microsoft,1,506
Google,1,506
Baidu,1,506
Tencent,1,506
Facebook,1,506
DuckDuckGo,1,507
Bing,2,507
Yandex,2,507
Google,3,507
Petal,1,508
Bing,2,508
Google,2,508
,,509
,,510
,,511
,,512
,,513
Yandex,1,514
Baidu,1,514
DuckDuckGo,2,514
Google,3,514
Yandex,1,515
Baidu,1,515
Yandex,1,516
Baidu,1,516
Yandex,1,517
Google,2,517
Bing,3,517
Baidu,3,517
Google,1,518
Bing,2,518
Baidu,3,518
Yandex,4,518
Baidu,1,519
Gigablast,1,519
Google,2,519
Bing,2,519
Google,1,520
Bing,2,520
Yandex,3,520
Google,1,521
Baidu,2,521
Yandex,2,521
jackett,1,522
searx,2,522
searxng,2,522
bravesearch,2,522
metagear,3,522
onelook,3,522
thelens,3,522
scinapse,3,522
semanticscholar,3,522
connectedpapers,3,522
yacy,4,522
presearch,4,522
dogpile,4,522
whaleslide,4,522
lilo,4,522
btdigg,4,522
torrentseeker,4,522
btsearch,4,522
citeseerx,4,522
worldwidescience,4,522
googlescholar,4,522
mojeek,5,522
qwant,5,522
yandex,5,522
seznam,5,522
fuckfuckno,6,522
startpage,6,522
swisscows,6,522
ecosia,6,522
youcare,6,522
oceanhero,6,522
infotiger,6,522
google,1,522
DeepL,1,523
Youdao,2,523
Baidu,2,523
GoogleTranslate,2,523
Yandex,1,524
Baidu,2,524
Google,3,524
ya.ru,1,525
google,2,525
searx,2,525
duckduckgo,2,525
yahoo,2,525
bing,2,525
baidu,3,525
naver,3,525
Yandex,1,526
Baidu,1,526
DuckDuckGo,2,526
Baidu,1,527
Yandex,1,528
Baidu,1,528
Google,2,528
GoogleMaps,1,529
YandexMaps,1,529
BaiduMaps,3,529
Yandex,1,530
Baidu,2,530
Google,3,530
Yandex,1,531
Google,2,531
Baidu,3,531
Bing,3,531
Bing,1,532
Yandex,1,532
Baidu,2,532
Bing,1,533
Yandex,2,533
Baidu,2,533
,,534
Google,1,535
Bing,2,535
Yandex,3,535
Baidu,4,535
Kagi,1,536
Bing,2,536
Google,2,536
Yandex,1,537
Searx,2,537
Kagi,2,537
kagi,1,538
brave,1,538
yandex,1,538
searx,1,538
Kagi,1,539
Yandex,2,539
Bing,2,539
DuckDuckGo,1,540
Yandex,2,540
Startpage,3,540
BraveSearch,3,540
Swisscows,3,540
Metager,3,540
Mojeek,3,540
Qwant,3,540
Ecosia,3,540
Kagi,3,540
Searx,3,540
Whoogle,3,540
Yep,3,540
Presearch,3,540
Yandex,1,541
Kagi,2,541
Google,3,541
marginalia.nu,1,542
stract.com,2,542
mojeek.com,3,542
yep.com,4,542
rightdao.com,5,542
boardreader.com,6,542
infotiger.com,7,542
ultra.gondola.pics,8,542
alexandria.org,9,542
wiby.me,10,542
searchmysite.net,11,542
feedle.world,12,542
grep.app,13,542
searchcode.com,14,542
search.pullpush.io,15,542
kagi.com,16,542
leta.mullvad.net,17,542
Google,1,543
Bing,2,543
DuckDuckGo,3,543
Ixquick,4,543
Metacrawler,5,543
Archive.org,6,543
,,544
,,545
Google,1,546
Yandex,2,546
DuckDuckGo,3,546
DuckDuckGo,1,547
Bing,1,548
Startpage,2,548
Gibiru,3,548
Metacrawler,4,548
Yahoo,1,549
AltaVista,2,549
AskJeeves,2,549
Metacrawler,2,549
DuckDuckGo,1,550
AskJeeves,2,550
MetaCrawler,2,550
Yandex,1,551
Bing,1,551
DuckDuckGo,1,551
Metacrawler,1,551
Search.com,1,551
Yahoo,1,551
Yahoo,1,552
AskJeeves,1,552
Dogpile,1,552
AltaVista,1,552
Metacrawler,1,552
BraveSearch,1,553
Metacrawler,2,553
Google,3,553
DuckDuckGo,1,554
Startpage,2,554
Qwant,3,554
Qwant,1,555
DuckDuckGo,1,555
Break,2,555
Vimeo,2,555
Bitchute,2,555
DTube,3,555
Startpage,1,556
Qwant,2,556
Qwant,1,557
Bing,2,557
Startpage,1,558
Qwant,1,558
DuckDuckGo,2,558
Bing,1,559
Qwant,2,559
DuckDuckGo,2,559
Google,3,559
DuckDuckGo,1,560
Qwant,1,560
Startpage,1,560
Startpage,1,561
Qwant,1,561
DuckDuckGo,1,561
DuckDuckGo,1,562
StartPage,2,562
Google,3,562
Bing,3,562
Yahoo,3,562
Qwant,4,562
Opera,5,562
Yandex,1,563
DuckDuckGo,2,563
Qwant,3,563
Qwant,1,564
Bing,2,564
Google,3,564
Yandex,1,565
Qwant,1,565
Yandex,1,566
Qwant,1,566
Bing,1,567
Qwant,1,567
DuckDuckGo,1,567
Brave,1,568
UngoogledChromium,1,568
Waterfox,1,568
Iridium,1,568
Startpage,1,568
DuckDuckGo,1,568
Qwant,1,568
DuckDuckGo,1,569
Qwant,2,569
Bing,3,569
Qwant,1,570
Starterpage,1,570
DuckDuckGo,1,570
Bing,1,570
Yandex,1,570
Google,1,571
Startpage,2,571
Qwant,2,571
DuckDuckGo,2,571
SearchX,2,571
Yandex,2,571
Qwant,1,572
Bing,2,572
DuckDuckGo,3,572
Qwant,1,573
Yandex,1,573
Yippy,1,573
Bing,2,573
DuckDuckGo,2,573
Google,2,573
Qwant,1,574
DuckDuckGo,2,574
Startpage,3,574
,,575
Qwant,1,576
Startpage,2,576
Joojoogo,2,576
DuckDuckGo,1,577
Ixquick/Startpage,2,577
Qwant,3,577
Bing,4,577
Startpage,1,578
Google,2,578
Qwant,3,578
Qwant,1,579
DuckDuckGo,2,579
Yandex,1,580
DuckDuckGo,2,580
Yahoo,2,580
Qwant,2,580
AOL,2,580
Startpage,1,581
Bing,1,581
Qwant,2,581
Google,3,581
Qwant,1,582
DuckDuckGo,1,582
Google,2,582
Ecosia,1,583
Qwant,1,583
Mojeek,1,583
Qwant,1,584
Startpage,1,584
Bing,3,584
DuckDuckGo,1,585
QwantLite,1,585
Startpage,1,585
Qwant,1,586
DuckDuckGo,1,586
Startpage,1,586
Google,1,587
Bing,1,587
Qwant,1,587
StartPage,1,588
XSearch,1,588
Qwant,1,588
DuckDuckGo,2,588
Yandex,1,589
Bing,1,589
Yahoo,1,589
Qwant,1,589
Startpage,2,589
Google,2,589
Altavista,3,589
Yandex,1,590
Bing,1,590
Yahoo,1,590
Yandex,1,591
Yahoo,1,591
Bing,1,591
Google,4,591
Qwant,1,592
Startpage,1,592
Yandex,1,592
Qwant,1,593
DuckDuckGo,2,593
Startpage,2,593
DuckDuckGo,1,594
Google,2,594
Yandex,3,594
Qwant,4,594
Google,1,595
Bing,2,595
Google,1,596
Qwant,2,596
DuckDuckGo,2,596
Ecosia,1,597
Dogpile,1,597
Qwant,1,597
DuckDuckGo,1,597
Bing,1,597
Yandex,2,597
Gigablast,3,597
Ask,4,597
Sarchy,5,597
Metager,6,597
Bing,1,598
Qwant,1,598
DuckDuckGo,2,598
Yahoo,3,598
Google,4,598
Naver,1,599
Qwant,1,599
SearchEncrypt,1,599
ChineseEngines,1,599
Yandex,5,599
Bing,5,599
Startpage,5,599
Google,5,599
Yandex,1,600
Qwant,1,600
SearchEncrypt,1,600
Startpage,2,600
Yandex,1,601
Qwant,1,601
SearchEncrypt,1,601
Startpage,2,601
Yandex,1,602
Naver,1,602
YahooJapan,1,602
Google,4,602
Qwant,4,602
DuckDuckGo,4,602
Ecosia,1,603
DuckDuckGo,2,603
Qwant,3,603
Startpage,1,604
Qwant,1,604
DuckDuckGo,1,604
Google,1,605
Qwant,2,605
,,606
,,607
,,608
Google,1,609
Qwant,2,609
,,610
,,611
Qwant,1,612
DuckDuckGo,2,612
Startpage,2,612
Startpage,1,613
DuckDuckGo,2,613
Qwant,2,613
Google,1,614
Bing,2,614
Startpage,2,614
DuckDuckGo,2,614
Qwant,2,614
Yandex,2,614
Qwant,1,615
Startpage,1,615
DuckDuckGo,2,615
Startpage,1,616
Qwant,1,616
DuckDuckGo,2,616
DuckDuckGo,1,617
Yandex,1,617
Yacy,1,617
Qwant,1,617
Ecosia,1,617
Metager,1,617
Peekier,1,617
Google,1,618
Qwant,1,618
Bing,1,618
Startpage,1,619
DuckDuckGo,2,619
Bing,3,619
Qwant,3,619
Google,1,620
Yandex,1,620
Bing,1,620
DuckDuckGo,1,620
Qwant,1,620
Yahoo,1,620
Startpage,1,620
Google,1,621
Bing,1,621
DuckDuckGo,1,621
Qwant,1,621
Google,1,622
DuckDuckGo,2,622
Qwant,3,622
Yandex,1,623
Qwant,1,623
Yippy,1,623
Startpage,1,623
Bing,1,623
Startpage,1,624
Qwant,1,624
Yandex,1,624
Yacy,1,625
Qwant,2,625
Ecosia,3,625
Metager,4,625
Peekier,5,625
Qwant,1,626
Startpage,1,626
DuckDuckGo,2,626
Yandex,1,627
Qwant,1,627
Startpage,2,627
DuckDuckGo,2,627
DuckDuckGo,1,628
Qwant,2,628
Startpage,3,628
Yandex,1,629
Qwant,1,629
Startpage,1,629
Startpage,1,630
Qwant,2,630
DuckDuckGo,3,630
Qwant,1,631
Startpage,1,631
Yandex,1,631
Qwant,1,632
DuckDuckGo,1,632
Google,1,632
swisscows,1,633
qwant,1,633
Google,2,633
Yandex,1,634
Qwant,1,634
Startpage,1,634
Yippy,1,634
Yandex,1,635
Qwant,1,635
Google,2,635
Bing,2,635
DuckDuckGo,1,636
Google,2,636
Bing,2,636
Qwant,2,636
Google,1,637
DuckDuckGo,2,637
Qwant,3,637
DuckDuckGo,1,638
Qwant,1,638
Yandex,1,639
Qwant,1,639
Bing,1,639
DuckDuckGo,1,639
Qwant,1,640
DuckDuckGo,1,640
Google,3,640
Qwant,1,641
Google,2,641
Yandex,1,642
Qwant,2,642
Google,3,642
DuckDuckGo,1,643
Bing,2,643
Qwant,3,643
Google,4,643
Archive.org,5,643
DuckDuckGo,1,644
Bing,2,644
Qwant,3,644
Google,4,644
Archive.org,5,644
DuckDuckGo,1,645
Bing,2,645
Qwant,3,645
Google,4,645
Archive.org,5,645
DuckDuckGo,1,646
Bing,2,646
Yandex,3,646
Qwant,4,646
Google,5,646
Archive.org,6,646
DuckDuckGo,1,647
Bing,2,647
Yandex,3,647
Qwant,4,647
Google,5,647
Archive,6,647
Bing,1,648
Qwant,1,648
Yandex,1,648
Bing,1,649
Qwant,2,649
Yandex,3,649
Qwant,1,650
DuckDuckGo,2,650
Google,2,650
Ecosia,1,651
Startpage,1,651
Qwant,1,651
Mojeek,1,651
InfinitySearch,1,651
Spot.ecloud.global,1,651
Gigablast,1,651
Swisscows,1,651
Qwant,1,652
Startpage,1,652
DuckDuckGo,1,652
Ecosia,1,652
Qwant,1,653
Google,2,653
Bing,2,653
Bing,1,654
Qwant,2,654
DuckDuckGo,3,654
Google,4,654
Qwant,1,655
Yandex,1,655
Google,3,655
,,656
Qwant,1,657
Startpage,2,657
DuckDuckGo,2,657
,,658
Qwant,1,659
DuckDuckGo,1,659
Startpage,1,659
DuckDuckGo,1,660
Qwant,1,660
Google,1,660
Qwant,1,661
DuckDuckGo,1,661
Google,2,661
Startpage,1,662
Qwant,1,662
Ecosia,1,662
Dissenter,1,662
Bing,1,663
Qwant,1,663
Google,2,663
Yandex,1,664
DuckDuckGo,2,664
Qwant,3,664
Bing,4,664
Google,4,664
Bing,1,665
Qwant,1,665
DuckDuckGo,1,666
Qwant,1,666
Yandex,1,666
Dogpile,1,666
Qwant,1,667
Yandex,2,667
DuckDuckGo,3,667
Qwant,1,668
Bing,1,668
Yandex,1,668
Google,1,668
DuckDuckGo,1,669
Startpage,1,669
Qwant,2,669
Bing,3,669
Qwant,1,670
Yandex,1,670
Google,2,670
Bing,1,671
DuckDuckGo,2,671
Qwant,2,671
Yandex,1,672
Qwant,2,672
DuckDuckGo,2,672
Yandex,1,673
Qwant,2,673
DuckDuckGo,3,673
Google,1,674
Bing,1,674
Qwant,3,674
Yandex,1,675
Qwant,1,675
Qwant,1,676
DuckDuckGo,1,676
Bing,1,676
Yandex,1,677
Qwant,2,677
Startpage,2,677
Qwant,1,678
Yandex,2,678
Google,3,678
duckduckgo,1,679
lukol,1,679
disconnect,1,679
gibiru,1,679
startpage,1,679
myprivatesearch,1,679
wiby,1,679
mojeek,1,679
metager,1,679
private.sh,1,679
swisscows,1,679
gigablast,1,679
qwant,1,679
webcrawler,1,679
search.brave,1,679
Qwant,1,680
BraveSearch,1,680
DuckDuckGo,2,680
Google,3,680
Bing,1,681
Yandex,1,681
BraveSearch,1,681
DuckDuckGo,1,681
Startpage,2,681
Qwant,3,681
Bing,1,682
Qwant,1,682
DuckDuckGo,1,682
Yahoo,1,682
Brave,1,682
DuckDuckGo,1,683
Swisscows,2,683
Oscobo,2,683
Qwant,2,683
Mojeek,2,683
Boardreader,2,683
Gibiru,2,683
Metager.org,2,683
Searx.space,2,683
Usearch,2,683
Jivesearch,2,683
Yandex,1,684
Qwant,1,684
Daum,2,684
Yahoo.jp,2,684
Qwant,1,685
DuckDuckGo,1,685
Swisscows,1,685
Usearch,1,685
Gibiru,1,685
Oscobo,1,685
Yandex,1,685
Mojeek,1,685
Boardreader,1,685
Metager,1,685
DuckDuckGo,1,686
StartPage,1,686
SearchBrave,1,686
InfinitySearch,2,686
Oscobo,2,686
SearchEncrypt,2,686
Dogpile,3,686
Qwant,3,686
Wiby,3,686
Swisscows,3,686
Private.sh,4,686
Gigablast,4,686
Metager,4,686
Lukol,4,686
DisconnectSearch,5,686
Gibiru,5,686
Mojeek,5,686
MyPrivateSearch,5,686
gigablast,1,687
searx,1,687
yacy,1,687
mojeek,2,687
qwant,2,687
yippy,2,687
startpage,2,687
duckduckgo,2,687
Qwant,1,688
DuckDuckGo,2,688
StartPage,1,689
Qwant,2,689
DuckDuckGo,3,689
Ecosia,1,690
Qwant,1,690
Google,3,690
search.brave.com,1,691
ddg,2,691
google,2,691
bing,2,691
qwant,3,691
startpage,3,691
Brave,1,692
Qwant,1,692
Searx,1,692
Whoogle,1,692
Yacy,1,693
DuckDuckGo,1,693
Qwant,2,693
Startpage,2,693
Searx,3,693
searx,1,694
bravesearch,2,694
startpage,3,694
qwant,4,694
duckduckgo,5,694
UngoogledChromium,1,695
PaleMoon,1,695
Edge,2,695
DuckDuckGo,3,695
Searx,4,695
Qwant,4,695
Qwant,1,696
Searx,1,696
Startpage,1,696
searx,1,697
qwant,1,697
dogpile,1,697
searx,1,698
yandex,1,698
qwant,1,698
bing,2,698
searx,1,699
duckduckgo,2,699
qwant,2,699
startpage,2,699
search.brave,2,699
brave,1,700
qwant,1,700
felvin,1,700
metasearch,1,700
presearch,1,700
millionshort,1,700
marginalia,1,700
Yandex,1,701
Qwant,2,701
Bing,3,701
DuckDuckGo,3,701
qwant,1,702
startpage,1,702
bravesearch,1,702
ddg,1,702
Qwant,1,703
DuckDuckGo,2,703
Yandex,2,703
Bing,1,704
Google,1,704
Qwant,2,704
PrivacyWall,2,704
DuckDuckGo,1,705
Qwant,1,705
Brave,2,705
Searx,2,705
Mojeek,1,706
Qwant,1,706
Searx,1,706
Whoogle,1,706
Metager,1,706
startpage,1,707
bravesearch,1,707
searx,3,707
qwant,4,707
Qwant,1,708
DuckDuckGo,2,708
Google,3,708
Bing,4,708
Yandex,4,708
Google,1,709
DuckDuckGo,2,709
Bing,3,709
Qwant,4,709
Startpage,1,710
Yandex,2,710
Qwant,2,710
Google,3,710
Yandex,1,711
Qwant,2,711
Startpage,3,711
Google,4,711
Bing,5,711
Firefox,1,712
Yandex,2,712
Qwant,2,712
Qwant,1,713
Startpage,1,713
BraveSearch,1,713
Qwant,1,714
Yandex,1,714
Startpage,2,714
DuckDuckGo,2,714
Qwant,1,715
Yandex,1,715
Startpage,2,715
DuckDuckGo,2,715
Searx,1,716
DuckDuckGo,2,716
Qwant,2,716
Yandex,2,716
DuckDuckGo,1,717
Startpage,2,717
Qwant,3,717
Searx,3,717
Searx,1,718
Qwant,1,718
Yandex,1,718
Searx,1,719
Yandex,1,719
Qwant,1,720
Startpage,2,720
Yandex,3,720
Brave,1,721
Qwant,2,721
Mojeek,3,721
Presearch,4,721
Metasearch,5,721
Felvin,6,721
Fireball,7,721
Gigablast,8,721
Marginalia,9,721
gigablast,1,722
searx,1,722
yacy,1,722
mojeek,2,722
qwant,2,722
yippy,2,722
startpage,2,722
duckduckgo,2,722
DuckDuckGo,1,723
Qwant,2,723
Startpage,3,723
Yandex,1,724
Startpage,2,724
Bing,3,724
Google,4,724
DuckDuckGo,5,724
Swisscows,6,724
Qwant,7,724
Yahoo,8,724
Startpage,1,725
Yandex,2,725
Brave,2,725
Qwant,3,725
Qwant,1,726
Yandex,1,726
Qwant,1,727
Searx,1,727
Yandex,2,727
Google,3,727
Qwant,1,728
Startpage,1,728
Yandex,1,729
BraveSearch,2,729
Qwant,3,729
Searx,4,729
YaCy,5,729
Qwant,1,730
Startpage,2,730
DuckDuckGo,3,730
Yandex,4,730
Google,5,730
brave,1,731
yacy,1,731
mojeek,1,731
swisscows,1,731
qwant,1,731
Qwant,1,732
Startpage,1,732
Bing,2,732
Google,2,732
Startpage,1,733
Qwant,2,733
Yandex,1,734
DuckDuckGo,2,734
Qwant,2,734
Google,3,734
Bing,3,734
Yandex,1,735
Startpage,2,735
Qwant,2,735
Presearch,3,735
Searx,4,735
Google,1,736
Startpage,2,736
Yandex,3,736
Qwant,2,736
qwant,1,737
searx,1,737
yacy,1,737
mojeek,1,737
Searx,1,738
Ecosia,2,738
Qwant,2,738
Brave,1,739
DuckDuckGo,1,739
Yandex,2,739
Qwant,2,739
Yandex,1,740
Searx,2,740
Qwant,3,740
Bing,1,741
Yandex,1,741
Brave,3,741
Startpage,4,741
DuckDuckGo,5,741
Yahoo,5,741
Qwant,5,741
Ecosia,5,741
Swisscows,5,741
Metager,5,741
Qwant,1,742
Searx,2,742
Mojeek,2,742
Startpage,2,742
Qwant,1,743
Google,2,743
Bing,2,743
Yandex,1,744
Qwant,1,744
qwant,1,745
ecosia,1,745
yandex,1,745
ekoru,1,745
searx,1,745
startpage,1,745
Searx,1,746
Bing,2,746
Qwant,2,746
Startpage,2,746
Yandex,3,746
Qwant,1,747
Yandex,1,747
Bing,1,747
Searx,1,747
DuckDuckGo,2,747
Qwant,1,748
Startpage,2,748
BraveSearch,2,748
Brave,1,749
Qwant,2,749
Yandex,1,750
BraveSearch,2,750
Qwant,2,750
Ecosia,1,751
Firefox,2,751
Google,3,751
Ecosia,1,752
DuckDuckGo,1,752
Google,2,752
Ecosia,1,753
Google,2,753
Yahoo,2,753
DuckDuckGo,1,754
Startpage,1,754
Ecosia,1,754
Bing,2,754
Google,2,754
Bing,1,755
Ecosia,1,755
DuckDuckGo,3,755
Ecosia,1,756
Google,2,756
Yahoo,2,756
Bing,2,756
Ecosia,1,757
Startpage,1,757
Ecosia,1,758
Yandex,1,758
DDG,1,758
IBMSearch,1,758
Yahoo,1,758
Yandex,1,759
Zoogle,1,759
Duckgoose,1,759
Startpage,1,759
Bing,2,759
Ecosia,2,759
Metager,2,759
Dogpile,2,759
Yahoo,2,759
SearchEncrypt,1,760
Archive,2,760
Yandex,3,760
DuckDuckGo,4,760
Swisscows,5,760
Startpage,5,760
Gibiru,5,760
OneSearch,5,760
Ekoru,5,760
Ecosia,5,760
GiveWater,6,760
Ecosia,1,761
Google,2,761
Swisscows,1,762
Yandex,1,762
Ecosia,1,762
Swisscows,1,763
Ecosia,2,763
Yandex,3,763
Yandex,1,764
Ecosia,1,764
Google,3,764
DuckDuckGo,4,764
Ecosia,1,765
DuckDuckGo,2,765
Google,3,765
Ecosia,1,766
Bing,2,766
DuckDuckGo,2,766
Startpage,2,766
DuckDuckGo,1,767
Bing,1,767
Yahoo,1,767
Ecosia,1,767
Google,2,767
StartPage,2,767
Ecosia,1,768
DuckDuckGo,1,768
Ecosia,1,769
Google,2,769
Yandex,1,770
Ecosia,2,770
Google,3,770
DuckDuckGo,1,771
Ecosia,1,771
Startpage,1,771
Ecosia,1,772
DuckDuckGo,1,772
Ecosia,1,773
Yandex,1,773
Google,2,773
Ecosia,1,774
Startpage,1,774
Startpage,1,775
Ecosia,1,775
DuckDuckGo,1,775
Quant,1,775
Yandex,2,775
Gigablast,3,775
Mojeek,3,775
Ecosia,1,776
Yandex,1,776
DuckDuckGo,2,776
Ecosia,1,777
Yandex,2,777
DuckDuckGo,2,777
Google,3,777
Ecosia,1,778
Yandex,2,778
DuckDuckGo,1,779
Ecosia,1,779
Yahoo,1,779
Startpage,1,779
Bing,2,779
Google,2,779
Bing,1,780
Google,1,780
Ecosia,2,780
Yahoo,2,780
DDG,2,780
Startpage,2,780
Searx,2,780
Mojeek,3,780
Gigablast,3,780
Yandex,3,780
Ecosia,1,781
BraveSearch,2,781
Startpage,3,781
Ecosia,1,782
BraveSearch,1,782
Yandex,1,783
Bing,2,783
Ecosia,3,783
Brave,4,783
Ecosia,1,784
Bing,2,784
Google,1,785
Bing,2,785
Ecosia,3,785
Mojeek,1,786
Gigablast,1,786
Petalsearch,1,786
Brave,2,786
Bing,2,786
DuckDuckGo,2,786
Ecosia,2,786
Startpage,1,787
Ecosia,1,787
Yandex,1,787
Ecosia,1,788
Yandex,1,788
BraveSearch,2,788
Ecosia,1,789
Yahoo,1,789
AOL,1,789
DuckDuckGo,1,789
Gibiru,1,790
Yandex,1,790
Yandex,1,791
Ecosia,1,791
Brave,2,791
Startpage,3,791
Ecosia,1,792
Yandex,1,792
Bing,2,792
Mojeek,1,793
Gigablast,1,793
Ecosia,2,793
Yandex,3,793
Brave,3,793
Searx,1,794
Yandex,1,794
Ecosia,1,794
Ecosia,1,795
Startpage,1,795
Yandex,2,795
ecosia,1,796
mojeek,1,796
presearch,1,796
searchencrypt,1,796
yandex,1,796
duckduckgo,6,796
yahoo,6,796
brave,6,796
bing,6,796
google,6,796
Google,1,797
Bing,1,797
Yandex,1,797
DuckDuckGo,1,797
Qwant,1,797
Ecosia,1,797
Ecosia,1,798
Bing,2,798
Yandex,3,798
Yandex,1,799
Ecosia,2,799
Google,3,799
Brave,1,800
Ecosia,1,800
Yandex,1,800
DuckDuckGo,1,801
Mojeek,1,801
Bing,2,801
Yahoo,2,801
Brave,3,801
Swisscows,3,801
Searx,3,801
Startpage,3,801
Qwant,3,801
Metager,3,801
Ecosia,3,801
Yandex,1,802
Swisscows,1,802
Ecosia,1,802
Mojeek,1,803
Ecosia,1,803
Qwant,1,803
Yandex,1,804
Ecosia,1,804
DuckDuckGo,2,804
Google,2,804
Ecosia,1,805
Brave,1,805
Yandex,2,805
Yandex,1,806
Startpage,2,806
Ecosia,2,806
Brave,2,806
BraveSearch,1,807
DuckDuckGo,1,807
Ecosia,1,807
Startpage,1,807
Yandex,1,807
Bing,1,807
Google,2,807
Yandex,1,808
Startpage,2,808
Yandex,1,809
Startpage,2,809
Yandex,1,810
Ecosia,2,810
Brave,3,810
Google,4,810
Searx,1,811
Qwant,2,811
Ecosia,2,811
Startpage,3,811
Startpage,1,812
Mojeek,1,812
Qwant,1,812
Ekoru,1,812
Ecosia,2,812
Yandex,1,813
Google,1,814
Yandex,2,814
Ixquick,3,814
Ecosia,3,814
Bing,3,814
DuckDuckGo,3,814
Brave,3,814
OneSearch,3,814
DuckDuckGo,1,815
Ecosia,1,815
Startpage,1,815
Startpage,1,816
Ecosia,1,816
Qwant,1,816
searx,1,817
ecosia,1,817
mojeek,1,817
qwant,1,817
ekoru,1,817
Yandex,1,818
Ecosia,1,818
Google,2,818
Yandex,1,819
Bing,2,819
Ecosia,3,819
DuckDuckGo,4,819
Google,1,820
DuckDuckGo,1,820
Quant,1,820
Ecosia,1,820
Ecosia,1,821
Yandex,1,821
Yahoo,1,821
AskJeeves,1,821
Google,2,821
Google,1,822
Ecosia,2,822
DuckDuckGo,2,822
Startpage,1,823
DuckDuckGo,2,823
DuckDuckGo,1,824
Google,1,825
Startpage,2,825
DuckDuckGo,3,825
Yacy,1,826
Google,2,826
DuckDuckGo,2,826
DuckDuckGo,1,827
Google,2,827
ixquick,1,828
startpage,1,828
duckduckgo,2,828
DuckDuckGo,1,829
Google,2,829
DuckDuckGo,1,830
Yahoo,2,830
Google,3,830
Google,1,831
DuckDuckGo,1,831
Yahoo,3,831
Yahoo,1,832
DuckDuckGo,1,832
Google,2,832
Google,1,833
DuckDuckGo,2,833
Bing,2,833
Startpage,1,834
DuckDuckGo,2,834
,,835
DuckDuckGo,1,836
Startpage,1,836
Google,1,836
Google,1,837
Yahoo,2,837
Bing,2,837
AskJeeves,3,837
HotBot,3,837
Startpage,1,838
DuckDuckGo,2,838
Startpage,1,839
DuckDuckGo,2,839
DuckDuckGo,1,840
Bing,1,840
Google,2,840
DuckDuckGo,1,841
Google,2,841
Bing,2,841
ixquick.eu,1,842
startpage,2,842
ixquick.com,2,842
Google,1,843
Bing,1,843
DuckDuckGo,1,843
Google,1,844
Bing,2,844
DuckDuckGo,3,844
DuckDuckGo,1,845
Google,2,845
Bing,2,845
ixquick,1,846
startpage,1,846
duckduckgo,2,846
Startpage,1,847
DuckDuckGo,1,847
Yahoo,1,848
Google,2,848
DuckDuckGo,2,848
DuckDuckGo,1,849
Bing,2,849
Yahoo,3,849
DuckDuckGo,1,850
Bing,2,850
Google,3,850
Bing,1,851
DuckDuckGo,2,851
Bing,1,852
DuckDuckGo,1,852
Bing,1,853
DuckDuckGo,2,853
DuckDuckGo,1,854
StartPage,1,854
DuckDuckGo,1,855
Google,2,855
Bing,2,855
DuckDuckGo,1,856
Startpage,1,856
Bing,1,856
Bing,1,857
DuckDuckGo,1,857
DuckDuckGo,1,858
Google,2,858
Pornhub,3,858
PornMD,3,858
Xvideos,3,858
Startpage,1,859
DuckDuckGo,2,859
Google,2,859
Bing,1,860
DuckDuckGo,1,860
Google,2,860
Bing,1,861
DuckDuckGo,2,861
Google,3,861
Bing,1,862
DuckDuckGo,1,862
Startpage,1,863
DuckDuckGo,2,863
Bing,3,863
DuckDuckGo,1,864
Startpage,1,864
Bing,1,864
YouTube,1,864
DuckDuckGo,1,865
Bing,1,866
DuckDuckGo,2,866
Bing,1,867
Google,2,867
DuckDuckGo,2,867
DuckDuckGo,1,868
Yahoo,2,868
Bing,2,868
Google,1,869
Bing,2,869
Yahoo,3,869
DuckDuckGo,4,869
DuckDuckGo,1,870
Startpage,1,870
Search.xyz,1,870
DuckDuckGo,1,871
Google,2,871
Bing,3,871
Toki,1,872
Mojeek,2,872
Mojeek,1,873
Google,2,873
Bing,2,873
Yahoo,2,873
Mojeek,1,874
Searx,2,874
Mojeek,1,875
Searx,2,875
Google,3,875
Bing,3,875
Yahoo,3,875
Mojeek,1,876
Searx,2,876
Mojeek,1,877
Google,2,877
Gigablast,1,878
Mojeek,1,878
Ixquick,1,878
Yacy,1,878
Mojeek,1,879
Wiby,2,879
Searx,3,879
Yacy,4,879
Mojeek,1,880
Searx,2,880
Mojeek,1,881
Searx,2,881
Yahoo,3,881
Bing,3,881
Poogle,3,881
Mojeek,1,882
Bing,2,882
Yahoo,2,882
Yandex,1,883
Mojeek,1,883
Swisscows,2,883
Yandex,1,884
Mojeek,1,884
BraveSearch,2,884
Mojeek,1,885
DuckDuckGo,2,885
Startpage,2,885
,,886
bravesearch,1,887
mojeek,1,887
searx,1,887
whoogle,1,887
seznam,1,887
peekier,1,887
infinitysearch,1,887
okeano,1,887
bravesearch,1,888
startpage,1,888
mojeek,1,888
searx,1,888
whoogle,1,888
seznam,1,888
peekier,1,888
infinitysearch,1,888
okeano,1,888
Mojeek,1,889
Yacy,1,889
Searx,2,889
bravesearch,1,890
startpage,1,890
mojeek,1,890
searx,1,890
whoogle,1,890
seznam,1,890
peekier,1,890
infinitysearch,1,890
okeano,1,890
Metager,1,891
Mojeek,1,891
Yandex,2,891
Yacy,3,891
presearch,1,892
mojeek,2,892
swisscows,2,892
searx,3,892
Mojeek,1,893
BraveSearch,2,893
BraveSearch,1,894
Yandex,2,894
Mojeek,3,894
searx,1,895
gibiru,1,895
mojeek,1,895
gigablast,1,895
Mojeek,1,896
DuckDuckGo,2,896
Yandex,2,896
wiby,1,897
marginalia,1,897
mojeek,1,897
gigablast,1,897
yandex,2,897
Metager,1,898
Mojeek,1,898
Startpage,1,898
Fragfinn.de,2,898
peekier,1,899
giburu,2,899
mojeek,2,899
gigablast,2,899
bing,3,899
searx,3,899
Searx,1,900
Wiby,2,900
Mojeek,3,900
Marginalia,4,900
Yandex,5,900
Gigablast,1,901
Searx,2,901
Yacy,3,901
Mojeek,4,901
Qwant,5,901
Yippy,6,901
Startpage,7,901
DuckDuckGo,8,901
Mojeek,1,902
Mojeek,1,903
DuckDuckGo,1,903
Google,2,903
Mojeek,1,904
Google,2,904
DuckDuckGo,2,904
Mojeek,1,905
Searx,2,905
DuckDuckGo,3,905
DuckDuckGo,1,906
Qwant,1,906
Mojeek,1,906
Google,4,906
Brave,1,907
Mojeek,1,907
Bing,2,907
Google,3,907
Mojeek,1,908
Gigablast,1,908
Search.marginalia.nu,1,908
Wiby,1,908
Yandex,2,908
Mojeek,1,909
Yandex,2,909
Mojeek,1,910
Brave,1,911
Yandex,1,911
Mojeek,2,911
Bing,2,911
Mojeek,1,912
Yandex,1,912
Brave,2,912
Yandex,1,913
Brave,2,913
Searx,3,913
Mojeek,4,913
mojeek.com,1,914
yandex.com,2,914
wiby.me,3,914
search.marginalia.nu,4,914
alexandria.org,5,914
searx,6,914
Yandex,1,915
Mojeek,1,915
Alexandria,1,915
RightDao,1,915
Google,2,915
Bing,2,915
Yandex,1,916
Mojeek,2,916
Gigablast,2,916
Google,3,916
Startpage,1,917
Mojeek,2,917
Qwant,3,917
Swisscows,4,917
Yandex,5,917
Bing,6,917
Yandex,1,918
Mojeek,2,918
Google,3,918
Mojeek,1,919
Searx,2,919
Google,3,919
Bing,3,919
Mojeek,1,920
RightDao,1,920
Infotiger,1,920
Wiby,2,920
Boardreader,2,920
Searx,1,921
Mojeek,2,921
Bing,3,921
Google,3,921
Yahoo,3,921
Bing,1,922
Yandex,1,922
Google,1,922
Brave,1,922
Mojeek,1,922
Mojeek,1,923
DuckDuckGo,2,923
Bing,2,923
Yandex,1,924
Mojeek,1,924
DuckDuckGo,2,924
Bing,3,924
Yandex,1,925
Mojeek,2,925
Alexandria,2,925
Luxxle,2,925
Qwant,2,925
Yandex,1,926
Mojeek,2,926
DuckDuckGo,3,926
mojeek,1,927
yandex,1,927
searx,1,927
yahoo,4,927
bing,4,927
google,5,927
Mojeek,1,928
Yandex,1,928
Google,2,928
Brave,2,928
DuckDuckGo,2,928
Google,1,929
Startpage,2,929
Yacy,3,929
Yacy,1,930
Fireball,1,930
DuckDuckGo,2,930
Bing,2,930
Firefox,1,931
Chromium,2,931
Opera,3,931
Chrome,4,931
Edge,5,931
IE,6,931
Yacy,1,931
DuckDuckGo,2,931
Google,3,931
Yacy,1,932
Yandex,2,932
DuckDuckGo,1,933
Google,1,933
Yacy,3,933
DuckDuckGo,1,934
Yacy,2,934
Google,3,934
Yacy,1,935
DuckDuckGo,2,935
Yacy,1,936
DuckDuckGo,2,936
DuckDuckGo,1,937
Yacy,2,937
Yacy,1,938
Google,2,938
Searx,3,938
Searx,1,939
Yacy,1,939
Google,2,939
Gigablast,1,940
Searx,1,940
Yacy,1,940
DuckDuckGo,4,940
Bing,5,940
Yahoo,5,940
DuckDuckGo,1,941
Yacy,2,941
Bing,3,941
Yahoo,3,941
,,942
Searx,1,943
Yacy,1,943
DuckDuckGo,2,943
DuckDuckGo,1,944
Yandex,2,944
Yacy,2,944
Gigablast,1,945
Searx,1,945
Yacy,1,945
Yandex,4,945
Searx,1,946
Yacy,1,946
Yandex,1,946
Startpage,1,947
Yandex,1,947
Searx,1,948
Bing,2,948
Google,2,948
Yacy,3,948
Yandex,1,949
Searx,2,949
Yacy,2,949
Startpage,1,950
Yandex,2,950
Searx,3,950
Yacy,3,950
ElasticSearch,3,950
Yandex,1,951
Yacy,2,951
Searx,2,951
Google,1,952
Yandex,1,952
DuckDuckGo,2,952
Startpage,2,952
Yahoo,2,952
Bing,2,952
Searx,2,952
Yacy,3,952
searx,1,953
yacy,2,953
google,3,953
yacy,1,954
bravesearch,1,954
searxng,1,954
YaCy,1,955
DuckDuckGo,2,955
Bing,2,955
BraveSearch,2,955
Quant,2,955
Yacy,1,956
Google,2,956
Bing,2,956
Yandex,1,957
Google,2,957
Yandex,1,958
Qwant,1,958
Startpage,1,958
Searx,1,958
Yacy,1,958
Yacy,1,959
Startpage,2,959
DuckDuckGo,3,959
Bing,4,959
Yandex,1,960
Startpage,1,960
Yacy,1,960
DuckDuckGo,1,961
Google,2,961
Startpage,3,961
Startpage,1,962
Gab,2,962
Dtube,3,962
Zappl,4,962
Startpage,1,963
Yahoo,2,963
Google,3,963
Google,1,964
Yahoo,2,964
Startpage,3,964
Startpage,1,965
DuckDuckGo,1,965
Startpage,1,966
DuckDuckGo,2,966
DuckDuckGo,1,967
Bing,1,967
Startpage,1,967
DuckDuckGo,1,968
Startpage,1,968
DuckDuckGo,1,969
Startpage,2,969
Startpage,1,970
DuckDuckGo,1,970
Startpage,1,971
DuckDuckGo,2,971
Google,2,971
Google,1,972
Bing,2,972
Yahoo,2,972
DuckDuckGo,2,972
Startpage,2,972
Startpage,1,973
DuckDuckGo,1,973
Startpage,1,974
Ixquick,1,974
DuckDuckGo,1,974
Bing,1,974
Yahoo,1,974
Dogpile,1,974
DuckDuckGo,1,975
Startpage,1,975
Bing,2,975
Startpage,1,976
Google,2,976
Bing,1,977
Startpage,1,977
Startpage,1,978
Bing,2,978
Bing,1,979
Google,2,979
Startpage,1,980
DuckDuckGo,2,980
DuckDuckGo,1,981
Startpage,1,981
Bing,2,981
DuckDuckGo,1,982
Startpage,1,982
Startpage,1,983
DuckDuckGo,2,983
Startpage,1,984
DuckDuckGo,2,984
Google,2,984
Startpage,1,985
DuckDuckGo,1,985
Google,2,985
DuckDuckGo,1,986
Bing,1,986
Startpage,1,986
Google,1,986
Bing,1,987
DuckDuckGo,2,987
Google,3,987
Bing,1,988
DuckDuckGo,2,988
Bong,3,988
Startpage,1,989
DuckDuckGo,2,989
Google,2,989
DuckDuckGo,1,990
Startpage,1,990
Yandex,3,990
Bing,3,990
Startpage,1,991
Bing,2,991
StartPage,1,992
DuckDuckGo,2,992
Google,3,992
DuckDuckGo,1,993
Startpage,1,993
Bing,1,993
Google,2,993
DuckDuckGo,1,994
Startpage,1,994
Google,2,994
Bing,1,995
Yahoo,1,995
DDG,2,995
Startpage,2,995
DuckDuckGo,1,996
StartPage,2,996
Yandex,1,997
Bing,2,997
Yahoo,3,997
Startpage,1,998
DuckDuckGo,2,998
DuckDuckGo,1,999
Startpage,2,999
Bing,3,999
Yandex,1,1000
DuckDuckGo,2,1000
Startpage,2,1000
Startpage,1,1001
DuckDuckGo,1,1001
Yandex,3,1001
Startpage,1,1002
Swisscows,1,1002
DuckDuckGo,1,1003
Startpage,2,1003
Google,3,1003
Startpage,1,1004
DuckDuckGo,2,1004
DuckDuckGo,1,1005
Yandex,2,1005
Yahoo,3,1005
Startpage,4,1005
Startpage,1,1006
DuckDuckGo,1,1006
Google,2,1006
Bing,1,1007
Google,1,1007
Yahoo,1,1007
Startpage,1,1008
DuckDuckGo,2,1008
Yandex,3,1008
Bing,3,1008
Google,3,1008
,,1009
EntireWeb,1,1010
Startpage,2,1010
DuckDuckGo,1,1011
StartPage,2,1011
DuckDuckGo,1,1012
Bing,2,1012
Startpage,3,1012
DuckDuckGo,1,1013
Yippy,1,1013
Startpage,2,1013
DuckDuckGo,1,1014
StartPage,1,1014
Startpage,1,1015
DuckDuckGo,2,1015
Google,3,1015
Startpage,1,1016
DuckDuckGo,2,1016
Startpage,1,1017
DuckDuckGo,1,1017
Startpage,1,1018
DuckDuckGo,2,1018
startpage,1,1019
tineye,1,1019
duckduckgo,1,1019
yahoo,1,1019
Startpage,1,1020
Google,2,1020
Google,1,1021
Startpage,2,1021
DuckDuckGo,2,1021
DuckDuckGo,1,1022
Google,2,1022
Bing,3,1022
Startpage,1,1023
Yahoo,2,1023
Google,3,1023
DuckDuckGo,1,1024
StartPage,1,1024
Bing,2,1024
Google,2,1024
Google,1,1025
Bing,2,1025
Startpage,3,1025
Bing,1,1026
Startpage,2,1026
Bing,1,1027
Yandex,1,1027
DuckDuckGo,1,1027
Startpage,1,1027
Swisscows,1,1027
Startpage,1,1028
DuckDuckGo,2,1028
Google,3,1028
Bing,1,1029
Startpage,1,1029
Yandex,1,1030
Bing,1,1030
Yahoo,1,1030
StartPage,2,1030
DuckDuckGo,2,1030
Yandex,1,1031
Startpage,2,1031
DuckDuckGo,2,1031
Yandex,1,1032
Startpage,2,1032
DuckDuckGo,2,1032
Yippy,1,1033
Startpage,2,1033
Bing,2,1033
Yandex,2,1033
DDG,2,1033
DuckDuckGo,1,1034
Startpage,1,1034
Yandex,1,1035
DDG,2,1035
Startpage,2,1035
Bing,3,1035
Google,3,1035
Yahoo,3,1035
Yandex,1,1036
DuckDuckGo,1,1036
Startpage,1,1036
Google,2,1036
Bing,2,1036
Yahoo,2,1036
Google,1,1037
DuckDuckGo,2,1037
Startpage,2,1037
Google,1,1038
Bing,1,1038
Startpage,1,1038
Google,1,1039
Yandex,2,1039
Yandex,1,1040
DuckDuckGo,2,1040
Startpage,3,1040
Bing,1,1041
Yandex,2,1041
Startpage,3,1041
Google,4,1041
Bing,1,1042
Yandex,2,1042
DuckDuckGo,3,1042
Startpage,3,1042
Yandex,1,1043
Bing,2,1043
Startpage,2,1043
Yandex,1,1044
Bing,1,1044
Startpage,2,1044
Yandex,1,1045
Bing,1,1045
Startpage,2,1045
Yandex,1,1046
Startpage,1,1046
Google,2,1046
Yandex,1,1047
Bing,1,1047
Startpage,2,1047
Yandex,1,1048
Bing,1,1048
Startpage,2,1048
Yandex,1,1049
Startpage,2,1049
Yandex,1,1050
Startpage,2,1050
Hotbot,1,1051
Dogpile,2,1051
,,1052
,,1053
Bing,1,1054
Dogpile,2,1054
DuckDuckGo,2,1054
Google,1,1055
MSN,2,1055
Yahoo,2,1055
Dogpile,2,1055
AOL,2,1055
,,1056
Dogpile,1,1057
Bing,2,1057
Google,2,1057
Excite,1,1058
Dogpile,1,1058
Hotbot,1,1058
Altavista,1,1058
Yahoo,2,1058
,,1059
Dogpile,1,1060
Yandex,2,1060
DuckDuckGo,2,1060
Dogpile,1,1061
Google,2,1061
Bing,2,1061
Google,1,1062
Yahoo,2,1062
Bing,2,1062
Dogpile,2,1062
DuckDuckGo,2,1062
Startpage,1,1063
Ixquick,1,1063
Dogpile,3,1063
AskJeeves,3,1063
Yandex,1,1064
Swisscows,1,1064
Quant,1,1064
Swisscows,1,1065
Yandex,2,1065
DuckDuckGo,3,1065
Yandex,1,1066
Swisscows,2,1066
Google,3,1066
Startpage,1,1067
Swisscows,2,1067
Google,3,1067
Swisscows,1,1068
Startpage,2,1068
DuckDuckGo,3,1068
Yandex,1,1069
Swisscows,1,1069
Adguard,2,1069
Swisscows,1,1070
Google,2,1070
Gigablast,1,1071
Swisscows,2,1071
Google,3,1071
Yandex,1,1072
Swisscows,2,1072
Swisscows,1,1073
Yandex,2,1073
swisscows,1,1074
yandex,2,1074
bing,3,1074
Gigablast,1,1075
Yandex,2,1075
Swisscows,3,1075
Google,1,1076
Bing,2,1076
Swisscows,3,1076
Gigablast,3,1076
searx,1,1077
swisscows,1,1077
yandex,1,1077
Yandex,1,1078
Swisscows,1,1078
Gigablast,2,1078
Google,3,1078
Bing,3,1078
Google,1,1079
Bing,2,1079
Swisscows,3,1079
Google,1,1080
DuckDuckGo,2,1080
Swisscows,3,1080
Swisscows,1,1081
Yandex,2,1081
Searx,3,1081
Swisscows,1,1082
Google,2,1082
DuckDuckGo,2,1082
Bing,1,1083
Swisscows,2,1083
Gigablast,2,1083
Startpage,1,1084
Yandex,2,1084
Swisscows,3,1084
Gigablast,3,1084
Brave,3,1084
Searx,3,1084
Searx,1,1085
Brave,1,1085
DBpedia,1,1085
DuckDuckGo,1,1085
Google,1,1085
StartPage,1,1085
Swisscows,1,1085
Qwant,1,1085
Wikipedia,1,1085
Swisscows,1,1086
BraveSearch,2,1086
Google,3,1086
presearch,1,1087
startpage,2,1087
swisscows,3,1087
yandex,4,1087
Yandex,1,1088
Presearch,2,1088
Startpage,3,1088
Swisscows,4,1088
Searx,5,1088
Gigablast,6,1088
Freespoke,7,1088
Startpage,1,1089
Swisscows,1,1089
DuckDuckGo,1,1089
Swisscows,1,1090
Bing,2,1090
Google,3,1090
Yandex,4,1090
DuckDuckGo,5,1090
Yandex,1,1091
Presearch,1,1091
Startpage,1,1091
Swisscows,1,1091
Searx,1,1091
Gigablast,1,1091
Freespoke,1,1091
Google,1,1092
DuckDuckGo,2,1092
Gigablast,3,1092
Yandex,1,1093
Gigablast,1,1093
DuckDuckGo,2,1093
Gigablast,1,1094
DuckDuckGo,2,1094
Gigablast,1,1095
Google,2,1095
Bing,3,1095
Yandex,1,1096
Bing,1,1096
Gigablast,3,1096
intelx.io,1,1097
gigablast.com,1,1097
yandex.com,1,1097
yahoo.com,1,1097
Gigablast,1,1098
Yandex,2,1098
Bing,2,1098
Google,3,1098
Gigablast,1,1099
Bing,2,1099
Google,2,1099
BraveSearch,1,1100
Dogpile,1,1100
Startpage,2,1100
Bing,2,1100
Yandex,2,1100
DuckDuckGo,2,1100
Gigablast,3,1100
Yandex,1,1101
Searx,2,1101
Gigablast,2,1101
Yandex,1,1102
Gigablast,2,1102
Searx,3,1102
Yandex,1,1103
Gigablast,1,1103
Google,1,1104
Bing,1,1104
Yandex,1,1104
Baidu,1,1104
Gigablast,2,1104
Yandex,1,1105
Gigablast,1,1105
Searx,1,1105
Intelx.io,1,1105
Google,1,1106
ixquick.com,2,1106
startpage.com,3,1106
Yandex,1,1107
Startpage,2,1107
DuckDuckGo,2,1107
,,1108
Brave,1,1109
DuckDuckGo,2,1109
BraveSearch,1,1110
Yandex,2,1110
Google,2,1110
DuckDuckGo,2,1110
searx,1,1111
bravesearch,2,1111
duckduckgo,3,1111
DuckDuckGo,1,1112
BraveSearch,1,1112
Google,2,1112
,,1113
Bing,1,1114
Yandex,1,1114
BraveSearch,1,1114
DDG,1,1114
Yandex,1,1115
BraveSearch,2,1115
Google,3,1115
BraveSearch,1,1116
Google,2,1116
BraveSearch,1,1117
DuckDuckGo,2,1117
Google,3,1117
BraveSearch,1,1118
Metager,2,1118
Startpage,2,1118
Yandex,1,1119
BraveSearch,1,1119
DuckDuckGo,2,1119
BraveSearch,1,1120
Bing,2,1120
Google,2,1120
Yandex,1,1121
Startpage,1,1121
DuckDuckGo,1,1121
BraveSearch,1,1122
DuckDuckGo,2,1122
Altavista,1,1123
DuckDuckGo,2,1123
Google,2,1123
Bing,2,1123
Yandex,2,1123
Quant,2,1123
BraveSearch,2,1123
Startpage,1,1124
BraveSearch,2,1124
Yandex,3,1124
Yandex,1,1125
Startpage,1,1125
Searx,1,1125
BraveSearch,1,1125
DuckDuckGo,2,1125
BraveSearch,1,1126
DuckDuckGo,2,1126
Google,3,1126
BraveSearch,1,1127
Yandex,2,1127
Google,2,1127
BraveSearch,1,1128
Google,2,1128
Bing,2,1128
BraveSearch,1,1129
DuckDuckGo,1,1129
Searx,1,1129
BraveSearch,1,1130
Bing,2,1130
Google,3,1130
Brave,1,1131
DuckDuckGo,2,1131
DuckDuckGo,1,1132
BraveSearch,1,1132
Firefox,2,1132
Brave,2,1132
BraveSearch,1,1133
Searx,1,1133
Google,1,1134
Yandex,2,1134
DuckDuckGo,2,1134
BraveSearch,2,1134
Bing,1,1135
BraveSearch,2,1135
DuckDuckGo,1,1136
BraveSearch,1,1136
Google,2,1136
Bing,1,1137
BraveSearch,2,1137
Google,3,1137
Brave,1,1138
Bing,2,1138
Google,2,1138
BraveSearch,1,1139
Searx,2,1139
Yandex,2,1139
DuckDuckGo,1,1140
Brave,1,1140
Google,2,1140
Bing,2,1140
Yandex,2,1140
Bing,1,1141
Yandex,1,1141
DuckDuckGo,1,1142
BraveSearch,2,1142
Yandex,1,1143
BraveSearch,1,1143
searx,1,1143
startpage,1,1144
bravesearch,2,1144
BraveSearch,1,1145
Google,2,1145
DuckDuckGo,3,1145
Yandex,1,1146
Searx,2,1146
BraveSearch,3,1146
BraveSearch,1,1147
Searx,1,1147
Searx,1,1148
BraveSearch,1,1148
Startpage,2,1148
BraveSearch,1,1149
Startpage,2,1149
DuckDuckGo,1,1150
Startpage,1,1150
BraveSearch,1,1150
,,1151
searx,1,1152
startpage,1,1152
presearch,1,1152
bravesearch,2,1152
bing,2,1152
duckduckgo,2,1152
yandex,2,1152
DuckDuckGo,1,1153
Google,2,1153
Bing,2,1153
Brave,2,1153
BraveSearch,1,1154
DuckDuckGo,2,1154
Bing,3,1154
Yandex,1,1155
BraveSearch,1,1155
Yandex,1,1156
Bing,2,1156
Google,3,1156
BraveSearch,1,1157
Yandex,1,1157
Yandex,1,1158
Searx,1,1158
BraveSearch,1,1158
Yandex,1,1159
BraveSearch,2,1159
Google,3,1159
Google,1,1160
Brave,2,1160
BraveSearch,1,1161
Bing,2,1161
Google,3,1161
searx,1,1162
startpage,2,1162
bravesearch,2,1162
searx,1,1163
startpage,2,1163
bravesearch,2,1163
BraveSearch,1,1164
Searx,1,1164
Bing,2,1164
BraveSearch,1,1165
Searx,1,1165
BraveSearch,1,1166
Google,2,1166
Bing,3,1166
Yandex,1,1167
Bing,2,1167
Google,3,1167
Yahoo,3,1167
BraveSearch,5,1167
DuckDuckGo,4,1167
Yandex,1,1168
Google,1,1168
Bing,2,1168
DuckDuckGo,2,1168
BraveSearch,3,1168
Searx,4,1168
Ecosia,5,1168
Qwant,6,1168
Yandex,1,1169
Brave,2,1169
DuckDuckGo,3,1169
BraveSearch,1,1170
Yandex,1,1170
,,1171
Bing,1,1172
Yandex,2,1172
BraveSearch,3,1172
BraveSearch,1,1173
Google,2,1173
Yandex,3,1173
BraveSearch,1,1174
BraveSearch,1,1175
Google,2,1175
Startpage,1,1176
BraveSearch,1,1176
Yandex,1,1176
BraveSearch,1,1177
Google,2,1177
Yandex,1,1178
Startpage,2,1178
BraveSearch,3,1178
Google,1,1179
Bing,2,1179
BraveSearch,2,1179
Yandex,2,1179
Yandex,1,1180
Startpage,1,1180
BraveSearch,1,1180
DuckDuckGo,1,1180
Yandex,1,1181
BraveSearch,2,1181
BraveSearch,1,1182
Yandex,1,1182
Google,2,1182
Metager,1,1183
Qwant,1,1183
BraveSearch,1,1183
Yandex,2,1183
Yandex,1,1184
Brave,2,1184
Google,2,1184
Yandex,1,1185
BraveSearch,2,1185
Searx,2,1185
searx,1,1186
bing,2,1186
google,2,1186
bravesearch,2,1186
Yandex,1,1187
Google,2,1187
Bing,2,1187
BraveSearch,2,1187
Yandex,1,1188
Bing,2,1188
BraveSearch,3,1188
DuckDuckGo,4,1188
Searx,4,1188
BraveSearch,1,1189
Yandex,2,1189
DuckDuckGo,3,1189
Yandex,1,1190
BraveSearch,2,1190
BraveSearch,1,1191
DuckDuckGo,2,1191
Searx,3,1191
Startpage,4,1191
BraveSearch,1,1192
Searx,2,1192
BraveSearch,1,1193
Yandex,1,1193
DuckDuckGo,1,1193
BraveSearch,1,1194
Startpage,2,1194
Searx,3,1194
Yandex,1,1195
BraveSearch,1,1195
Bing,2,1195
Yandex,1,1196
Marginalia,1,1196
Yandex,1,1197
Bing,2,1197
Google,3,1197
BraveSearch,4,1197
BraveSearch,1,1198
Bing,2,1198
Yandex,2,1198
Google,3,1198
BraveSearch,1,1199
DuckDuckGo,2,1199
Yandex,1,1200
BraveSearch,2,1200
DuckDuckGo,2,1200
Yandex,1,1201
Startpage,2,1201
BraveSearch,2,1201
Bing,2,1201
Google,1,1202
BraveSearch,1,1202
Yandex,2,1202
BraveSearch,1,1203
searx,1,1204
opnxng,1,1204
bravesearch,2,1204
yandex,3,1204
duckduckgo,4,1204
microsoftsearch,4,1204
google,4,1204
BraveSearch,1,1205
Yandex,1,1205
Google,2,1205
4plebs,3,1205
BraveSearch,1,1206
DuckDuckGo,1,1206
DuckDuckGo,1,1207
Ask.com,2,1207
,,1208
,,1209
,,1210
DuckDuckGo,1,1211
Bing,1,1211
Yandex,2,1211
,,1212
Google,1,1213
AltaVista,2,1213
Hotbot,2,1213
AskJeeves,2,1213
HotBot,1,1214
WebCrawler,2,1214
AltaVista,3,1214
,,1215
Yahoo,1,1216
HotBot,2,1216
DuckDuckGo,1,1217
Bing,2,1217
Yahoo,3,1217
hotbot,1,1218
northernlight,2,1218
alltheweb,2,1218
google,3,1218
yahoo,4,1218
altavista,5,1218
,,1219
,,1220
,,1221
,,1222
Petal,1,1223
Yandex,2,1223
Bing,3,1223
Google,3,1223
HuaweiPetal,1,1224
Google,2,1224
Bing,2,1224
DuckDuckGo,2,1224
Google,1,1225
Bing,2,1225
Yahoo,3,1225
Yandex,1,1226
Bing,2,1226
Google,3,1226
Bing,1,1227
Yandex,2,1227
DuckDuckGo,3,1227
Google,1,1228
Bing,1,1228
Yandex,3,1228
DuckDuckGo,1,1229
Bing,1,1229
Bing,1,1230
DuckDuckGo,2,1230
Bing,1,1231
DuckDuckGo,2,1231
Google,3,1231
Google,1,1232
Bing,1,1232
Google,1,1233
Bing,1,1233
DuckDuckGo,1,1233
Bing,1,1234
Google,1,1235
Yahoo,2,1235
Webcrawler,3,1235
Yandex,1,1236
Webcrawler,2,1236
DuckDuckGo,2,1236
Startpage,2,1236
Webcrawler,1,1237
Google,2,1237
Yahoo,1,1238
Webcrawler,1,1238
Webcrawler,1,1239
Yahoo,2,1239
Google,3,1239
Searx,1,1240
Yandex,1,1240
DDG,2,1240
,,1241
Yahoo,1,1242
AskJeeves,1,1242
Webcrawler,1,1242
Google,4,1242
Yandex,1,1243
Google,2,1243
Bing,2,1243
